Date,Food ,Beer ,Smoke,Games,Books,Hshld,Clths,Hlth ,Chems,Txtls,Cnstr,Steel,FabPr,ElcEq,Autos,Carry,Mines,Coal ,Oil  ,Util ,Telcm,Servs,BusEq,Paper,Trans,Whlsl,Rtail,Meals,Fin  ,Other
196303,5.523234994,3.330080959,5.910798899,2.598490688,3.573928509,6.113852,4.332573624,4.138735914,4.104287585,10.43640684,7.388950266,7.997227438,7.88175944,-0.339806679,10.12933381,0.459005504,11.68023208,14.4556694,8.290662451,5.569134936,4.99308567,5.376227824,5.543418902,9.068439411,9.81581398,2.243040446,5.774469734,-2.412301222,5.642442785,14.73021717
196306,4.147099406,0.013923856,-3.3540597,2.24783072,9.640016622,6.695923089,0.4985888,6.180824645,2.37081801,9.269618458,3.785043012,8.142501248,8.042454541,7.920218661,9.92372776,1.4152733,4.770619446,6.501257024,7.22310429,2.296027136,1.066645117,4.698997607,3.672023947,1.663785409,14.56347012,3.63044831,6.974276091,3.045093632,3.054885233,3.818702043
196309,3.372734537,1.131942548,0.011069103,-1.758314848,7.411440231,4.607638821,-0.079117616,5.700490438,2.75610158,6.709553202,3.8977269,6.896975826,-1.187937452,0.890447601,7.37102152,-5.096088586,0.033787168,2.993423667,2.432750742,2.40776,6.505716139,-3.519592504,4.954723582,7.75383923,0.614054123,2.541370148,6.743536316,-5.61510232,0.27546551,0.682217375
196312,5.00798194,-0.804872486,5.794096243,5.873158743,-1.535141347,8.49540611,0.336722394,3.240013142,10.54781025,11.38201432,-0.767212774,1.226874399,5.289523321,-4.695431914,2.920367056,3.390977634,11.10783841,16.15525067,2.866960742,0.696101383,7.550657984,-1.418719825,11.89936975,1.016839431,10.02113098,-3.319155968,-0.28708201,-0.834522242,-0.041743709,1.905317248
196403,4.596993519,7.805026368,11.36927232,4.0334036,10.41903923,5.078911459,2.095570535,3.356306893,8.360151834,6.551632341,12.10243664,14.93715448,14.41416158,5.385221732,5.449502413,10.55379724,11.24757571,2.672695563,7.508487477,1.51506365,2.091850172,7.498798511,8.705347933,2.762735578,14.2974107,4.240745024,6.794471461,10.88242365,3.295175952,-1.580943376
196406,2.935818159,0.325531032,0.071320546,-8.845328163,7.579492465,0.796631943,5.492207892,-0.312821403,0.555933388,4.792917481,0.04800023,-1.524825773,6.60640579,-6.007349248,6.385655636,2.926439454,13.3311594,-5.882261018,7.248089172,4.150899888,5.186121776,2.320123334,-0.518997102,-1.139360231,8.599992371,3.470681724,11.54445993,4.145762846,-2.138554,-5.02920964
196409,1.882315997,7.629327455,4.928429918,2.349071223,0.576653187,4.915910595,7.856782581,3.078386194,5.193222344,8.426603001,-0.222932398,6.07979213,4.377195932,15.14429684,12.87586934,15.40758888,13.85211886,6.27098694,4.520156642,6.861129818,-4.473959559,7.688278349,-3.620789652,2.931029652,-1.049219453,0.479545817,5.266809856,1.04496044,2.20229285,8.110155324
196412,1.216147567,0.774438912,-8.16530145,-2.442208406,5.274013762,0.46764071,2.654027693,9.716423325,3.777043533,8.396400001,0.389569233,-8.898651456,0.483788406,3.888117555,-0.623923522,1.234106041,-0.724543669,2.788170829,5.494941518,2.844680075,-0.096257743,-1.012815673,-1.227921196,-2.904740989,-1.933678629,4.317374307,5.874513139,6.590513863,-2.706012352,-3.23006716
196503,4.872700691,14.95510702,4.411499688,18.21057955,13.30840407,7.401112136,15.83253875,9.250930578,3.431773191,11.84409643,9.170777942,8.068728895,8.219300816,14.66323916,3.564211273,7.323441695,12.67633709,3.097776023,-6.002576515,3.864111454,-0.635710834,15.04536467,9.234660706,7.115347391,6.93634543,9.706167973,3.086337496,13.11432198,3.6607868,16.62106462
196506,-2.49953728,0.396092307,0.325555467,-4.30952256,-0.660628033,-0.400369979,-3.68107831,-3.697383849,-3.412334215,-0.897001254,-5.249337743,-2.732551196,-4.34519875,-2.455377526,-4.60141399,0.246666839,-8.302282857,-10.21919403,-0.076475894,-3.974362237,0.800787362,-8.027980696,-0.127968539,-4.564300285,-6.810524032,-4.941372626,0.842244848,-6.735003155,-4.767517144,-10.85951822
196509,3.227918347,3.06555943,8.403537605,25.91178488,13.70291494,17.83570292,12.14285559,12.96339639,5.593600169,14.62679711,5.66125568,8.138666451,12.54741035,17.34759373,9.276170511,24.90931501,12.02718582,5.589592909,7.956921284,3.407409553,2.045245911,12.46373624,15.73216244,6.60289675,14.9192811,19.21944711,-0.991129287,11.25754329,5.615580698,17.51572285
196512,2.295552265,6.236378326,-1.451087594,29.34741908,18.04219013,9.96508,9.117233531,11.25668994,3.306726355,15.23816982,7.36031124,8.823946781,12.90587376,13.95721712,2.161176,21.77755988,16.23690532,15.41634332,2.485189538,-0.27062245,-7.315076781,15.67989679,6.103090496,7.70531562,16.3737129,13.50231947,2.343680345,11.73933888,4.205118416,11.35089258
196603,-3.074060848,-5.707910125,-2.884609936,22.47665547,5.130885478,3.981234594,3.522988969,-0.47083048,-7.112855408,3.990969822,-0.27474717,0.01290095,-0.203899682,6.287676543,-6.513000134,7.083253794,17.4416592,1.261630623,-4.78814797,-7.194176308,-5.626249984,1.703399499,5.496807853,0.769140217,8.806732006,6.218300416,-9.42758626,4.786686508,-5.548956647,1.739657
196606,-7.439046112,-0.088244056,-6.81973408,-13.43141705,0.578912419,0.211991403,-7.363861245,-4.341209585,-7.978687523,-9.74239984,-6.181400681,-7.150623097,-5.618044095,-7.829471824,-9.366719195,-4.094180644,-5.389543711,-10.01351738,-2.824431125,-3.324496731,-1.276159985,-8.449327867,1.064737819,-1.728939376,-2.370244454,2.143615877,-2.659039921,3.002446624,-4.68530037,-1.528945408
196609,-7.418684512,-13.65231646,-5.527794634,-17.6016399,-9.2308592,-12.9436176,-12.97540607,-10.67213749,-16.57727669,-20.34786918,-13.55766618,-13.29645306,-15.62493194,-13.6192328,-6.531131609,-17.68396787,-15.94794844,12.48108438,-2.519785216,-4.776235857,-6.253597774,-15.65711314,-9.228650302,-4.240596152,-17.17044824,-15.88693745,-9.232313492,-20.70482985,-10.71255499,-16.65975859
196612,10.22936851,15.05980629,1.049188295,-7.186491165,12.13175984,10.11173441,0.567218048,11.90498058,2.362186899,-6.227332077,8.172514383,9.964050175,5.026205335,7.156116085,-7.438093,15.18840373,10.57291152,11.9389136,6.449935428,10.72215714,9.250456319,7.646300218,11.90196598,1.416256448,11.01722081,11.52261649,-5.886760768,4.158095101,17.58405901,11.8672661
196703,11.96313777,23.59822511,18.0833693,20.14823574,26.13258349,15.34151512,19.49601477,16.37123802,15.23272772,19.81129947,28.01360641,17.25905761,24.04297313,27.14991791,19.30373917,21.76764218,15.8184669,21.19484181,7.014250385,2.617540626,11.70425498,25.09912263,22.9594979,17.52765259,15.38763709,35.48494131,16.60553504,40.7599424,10.62512544,17.46206965
196706,6.543678408,4.502643598,1.999848328,13.55354153,-3.55731252,0.352426745,7.630653752,4.256718751,-0.558439181,3.824811087,2.663225324,2.676616299,6.316461381,8.125774708,3.157781787,16.73115356,12.96501405,12.1870659,1.361335645,-3.587042789,-2.920122026,16.27513878,9.224156251,-2.25208792,0.445327075,14.93665359,7.24390704,25.64638642,1.766577406,9.807413735
196709,6.72884515,1.788373585,1.178408722,13.66335825,6.175645037,9.553200594,19.18951751,7.494341905,9.703427064,22.69985642,13.9262991,8.841021995,10.36078945,18.97178748,13.60559546,-2.546655126,17.5690214,8.891208934,9.7805352,1.573356631,-6.680697,18.55624002,11.71273349,4.955065746,1.028703426,15.01939958,8.597214222,10.49898218,12.68995202,9.275328714
196712,0.031694336,-4.378626998,5.930261283,-1.51703899,-3.281026681,5.30614601,11.40626031,-2.187328455,-3.75256947,-2.094006772,-1.371222139,-5.917831026,-2.4923062,2.45932555,-0.832086039,2.895620196,-0.03602386,2.670929317,2.845699533,0.842682886,-3.277565083,22.14029355,8.413636937,2.038385141,-7.375938666,12.11730261,3.893909926,27.98625633,1.61572736,-1.284054832
196803,-2.968282111,-0.069798513,-0.700263611,-4.423881834,-7.013152735,-9.836022317,-0.899872554,-10.44196343,-9.585918798,-0.90098488,-3.523836831,-9.351299998,-10.64632893,-13.65515596,-7.693913278,-13.94454802,-4.714341395,-0.355376056,-2.84016892,-5.162539672,-0.897084928,-9.906041724,-8.828756422,-6.328311733,-11.0067808,-11.46256097,4.657147165,-8.889579489,0.807274897,-9.081067391
196806,17.64248732,11.95704397,10.65062674,18.33608437,17.6349218,11.18737086,27.18782884,18.23930285,8.007680539,16.3795317,20.22916757,13.44310617,16.3919924,15.06377792,12.01089704,10.43229776,10.50965753,26.24560408,8.811524906,11.6402867,5.674310238,24.31773413,14.21297973,19.67845198,20.87547556,27.04296643,15.69719894,35.2807456,27.94512582,20.41752755
196809,1.462077204,13.9083155,0.905808437,13.02712934,-1.939373129,-1.49138342,5.877083755,-2.62718698,8.556056105,12.21117072,13.32405105,2.093780483,4.230287396,0.892402536,6.197676464,-3.885985592,-4.637269798,3.34669184,10.43269187,-0.433372993,4.049100377,4.853883088,-2.412310029,5.712281916,5.770833232,0.507466254,4.675494861,6.737763526,16.14139646,8.425225189
196812,4.843748428,-0.631611654,15.42700821,1.408403454,-0.146314624,0.330207366,4.945407055,6.933076715,4.371391364,3.71167914,2.44078768,9.142038421,4.128387877,-1.184268304,-2.465008706,3.384058078,11.87008112,4.121079603,5.449783055,6.174566555,1.511133697,1.968597811,-2.52487757,6.279972414,3.310629147,14.07144756,-0.239015354,18.83799379,3.111666425,7.560127361
196903,-5.354815772,-3.878705282,-7.80968082,-8.211891192,-7.85951065,-2.46459707,-9.030889311,-2.197141145,-6.870986261,-14.80870309,-3.332601667,-3.180791122,-4.314833032,-2.495704956,0.676542,-11.81636805,-10.68228508,-11.89479772,1.11390224,-4.167712372,-2.570768672,-5.24265472,-2.859986665,1.9007913,-8.474370639,-12.0082474,1.879446585,-9.729809564,-5.510045106,-11.58955612
196906,-2.444954289,-4.229308183,-5.78714581,-10.8238499,-8.806852,3.410354259,-11.68732558,1.3545178,-9.115344575,-9.614309725,-10.50265166,-12.38816304,-10.58831691,-7.741735678,-5.368397,-18.43286766,-10.29973015,-19.52331074,-6.790255648,-4.457811383,4.538834868,-9.821121513,2.42472698,-4.904380259,-11.32126687,-17.95852522,0.260677504,-1.121408121,-8.644402299,-12.54548248
196909,-0.617468939,3.490435042,3.140335146,0.212813082,-2.923313132,0.57957149,-12.27670872,8.523788828,-6.442474331,-5.280855371,-2.715679354,-7.131411549,-6.50305073,-6.090530748,-6.049306814,-12.27454138,-3.317002866,10.01827702,-13.11590132,-8.196371499,-6.78835264,3.65997656,1.733641856,1.982393513,-9.152082986,-3.931688528,-1.440373562,-3.402458498,0.18525209,-8.980261043
196912,5.23573241,7.820293593,10.91151022,-4.145695816,0.178562424,4.801248341,-2.287123908,14.04213941,-3.897980031,-3.53243801,1.167596905,1.864590464,-1.094748123,4.148731515,-2.58313181,-8.583823373,-2.741269938,21.05334547,-8.581954498,1.917672932,-1.04884363,8.767824518,2.989404084,0.035516545,-11.29258432,-0.348816112,-0.939037563,0.794473444,-0.714142891,-4.616060328
197003,1.577949124,4.79469147,-5.405131922,-3.498687488,-13.23167382,-7.535582528,-3.101728512,-6.937289623,-2.461647782,1.237839181,-2.668613868,5.519166765,1.95634232,3.943937906,2.915696563,-9.304488706,2.56496319,12.78456174,-7.297046958,6.796264425,7.595250392,-12.69047205,-8.842738121,-4.309640181,-1.338703997,-10.97173238,-1.29669149,-13.59924601,0.159047846,-3.92788808
197006,-17.1894505,-17.19869267,7.331537472,-35.28108371,-35.91944999,-19.75737018,-28.54690804,-17.47474378,-8.496559983,-19.23188315,-23.59312112,-23.2354257,-24.05507091,-15.59429073,-16.20724924,-30.26925817,-17.4079834,-12.42919543,-8.955124494,-17.07754875,-19.64658766,-36.11788384,-31.74585459,-21.88685573,-30.72758665,-34.65530612,-21.68828894,-35.4944264,-23.77344856,-30.83965719
197009,10.56182658,8.5210252,4.70404448,30.20433688,27.98273422,15.97997298,30.11157731,12.30719945,12.86570078,22.58147958,22.40589034,7.867907,17.01744172,11.34147158,20.42042912,24.99034443,15.74829876,28.08923297,23.97946324,13.17230851,11.97560123,26.27207903,21.63284363,15.17836593,28.08082977,29.2997302,25.4448099,27.8027264,20.25018839,23.78038584
197012,13.63864121,2.348818943,24.69392651,7.871131479,12.67291294,10.62720795,12.73675803,8.804850654,10.18445216,14.17954353,6.525394585,4.070024067,11.51414553,7.66556599,11.61619007,-0.570784618,-1.085014562,22.23226797,10.32876794,16.25199094,9.126839937,0.585905855,4.87637756,5.610953448,8.800083896,1.467398748,11.92394946,7.593428636,7.595682624,5.137693375
197103,9.455244105,9.070979436,21.78934255,31.2670383,18.15290497,13.72759443,24.56826753,10.20608783,12.36791501,12.63104942,7.368647501,8.321029595,13.37615469,17.53652019,4.779074707,25.62750314,16.2114848,16.78057774,7.827468132,2.690913971,4.691962725,21.33606178,16.99292758,12.53423502,22.645326,26.73840621,18.81628937,24.243141,14.88315886,19.59398694
197106,1.345926349,0.892259615,-6.05705103,6.923751238,-1.953639952,6.170423546,-3.160638402,4.10110397,5.303148421,-9.749599245,-3.877940459,-5.686963773,0.949626839,7.62811334,2.052249529,1.224921875,0.35146297,-0.062918447,0.523091923,-3.113937145,-3.429265581,-0.99358383,-6.346316059,-1.118536782,3.944451088,0.49816832,3.48122,8.19521022,-3.253013268,-4.24007904
197109,1.728482976,-2.578019241,0.115202162,-5.4342793,3.054161174,2.135690685,-0.848849481,1.577661857,3.546879286,2.474925395,5.030309826,-6.963078263,2.749691757,3.229457561,6.615006817,-3.661617676,-10.08782766,-14.93145481,-4.80251769,-5.853899416,-3.661731089,-7.424300032,-5.102766121,-4.013570944,8.741893123,-2.26665229,3.755148552,-3.15511648,4.378930721,-0.841147254
197112,6.125881125,15.25309677,0.804050281,7.2447992,3.642898434,5.699646964,3.538550257,5.85296735,-1.709623376,-0.421525253,-2.028918729,-0.281634168,0.815133167,2.036949168,-0.276978844,4.339202682,-7.195491952,1.696603083,4.137499032,8.979675094,6.035836891,7.299466232,8.229941036,4.885273313,7.131687614,6.881695088,6.439812114,10.30030624,4.663087793,5.719624892
197203,4.308338134,7.017550722,18.07501757,16.57105309,5.79043475,14.54452014,4.892314404,10.44296738,9.770201404,9.009731624,5.806579299,11.78924089,8.624417314,9.004719305,7.80200648,14.9976711,15.38673739,-7.729075072,-2.784777459,-2.9480632,0.918291001,5.041284001,11.6123225,5.947623967,9.553613264,13.3768553,7.048280502,19.63753869,6.055497237,15.43551181
197206,0.984916604,13.99149732,8.772837242,3.850905167,1.157560026,5.378197854,-10.35313957,7.514020574,-0.568413497,-3.793499413,-4.540498984,-6.595671961,4.463171248,6.565139259,-8.139141669,-4.10442305,2.393636322,-17.06459816,2.138248176,-4.478982256,-2.477548998,-7.59146924,2.022550784,1.226149513,-6.27997412,-1.419250955,-4.183614383,6.254653848,-3.20240129,-4.179294419
197209,0.853000573,2.747193668,-14.70393509,-9.160833996,-7.232468152,1.9251728,-7.100818847,3.734565035,2.32342604,-8.961080972,-4.347585002,0.088838668,2.60540514,-5.780660614,2.120624893,1.146094595,-3.554062458,-16.26783879,11.32479502,6.193780355,10.48275278,-5.235539983,2.763382535,1.068848814,-9.782648508,-6.520112002,-2.832315875,-10.09511038,4.749794524,-1.962929153
197212,10.31918069,0.059087901,5.376668584,10.33389453,3.028610528,6.901473184,5.403081524,4.727934465,7.155026014,8.794005463,4.987993701,4.860078848,4.84781444,5.562429834,6.30093208,2.461589742,7.084655409,6.386450197,10.69957371,11.84327691,11.05712022,1.283435166,1.139617407,9.720060416,4.42338255,2.749336592,8.286429174,14.89694854,5.595683904,0.591236992
197303,-7.673052553,-2.668011335,-0.387541667,-26.54305738,-13.14344441,-6.27460922,-19.84069366,-1.116298652,-2.251437411,-15.11601842,-16.15137901,0.827472896,-11.60136292,-11.53869457,-14.21596693,-12.99153556,6.885372894,14.52843955,0.2905253,-8.20187047,-6.16693865,-17.46023653,-2.042273958,-6.095099747,-13.07014237,-18.28882769,-15.29402733,-17.01009563,-13.52545294,-10.12926772
197306,-8.071125373,-6.669262538,-7.424781194,-22.89296412,-18.52514084,-4.576724125,-25.78371111,-4.449529727,-6.176861542,-16.85033984,-10.12500861,-8.78160197,-10.63806681,-5.458986309,-11.66508693,-18.61514493,-0.248470419,-20.3028769,-2.80012195,-2.686602426,-0.307264883,-22.8823974,-8.936821152,-3.938221204,-22.54682333,-19.13748874,-14.35066622,-29.32031953,-8.720245,-18.33850955
197309,10.82018969,2.885019959,-1.01733544,18.67931955,14.82033248,-1.097913808,14.1639776,0.271216736,16.16458285,12.18796776,21.61375653,18.93172792,24.61636727,12.92912216,9.926672153,18.78662894,19.42260539,10.48101152,5.523117862,3.119977129,3.117909436,25.27246857,-2.563403765,16.05281412,16.39035098,25.3910373,11.77986514,27.65789609,14.46477892,10.13481932
197312,-15.55001914,-10.74014702,-6.200595345,-33.69479527,-23.58365717,-15.48442917,-36.16819299,-10.28970884,-10.94335267,-25.55524333,-17.02455846,1.89342479,-7.908550997,-22.10617136,-29.43456164,-15.89768455,10.28892659,8.393711637,7.222228724,-11.68535955,-3.16723659,-21.79404525,-11.65377132,-11.0506079,-8.598347868,-21.02134196,-21.09546688,-32.60175398,-11.94488767,-14.1301758
197403,-0.245910453,-4.699335724,-1.3792561,11.847475,-0.018568678,-6.147438516,10.39963319,-2.554003948,5.703795162,14.40490249,8.607023089,5.632301154,-7.685634372,-4.824885042,11.46603363,5.403523087,0.21508824,16.76505536,-12.19066849,1.026873055,1.960541472,-2.225518208,-2.091970691,0.478872192,3.206401872,9.759794655,4.298830698,0.204540938,-3.316346934,-2.458162869
197406,-6.840692176,-10.95760856,2.151831215,-12.31798324,-6.356990089,-3.716031762,-14.04534105,-3.192332771,1.262478611,-9.374435534,-16.56286371,-5.977207473,-10.04413162,-17.03107248,-3.260295136,-9.672537253,-13.25040929,-11.71104828,-13.47531001,-21.63685181,-6.469535864,-22.4303593,-10.12230339,-4.770462748,-9.727373932,-9.684543456,-1.977279876,-12.82521255,-21.91040656,-17.30914159
197409,-32.592585,-39.27136637,-20.44736661,-31.5123131,-22.73029395,-37.0654642,-17.75273006,-33.30961036,-23.36139146,-18.70415033,-25.78304516,-12.09879856,-26.10873275,-28.66732358,-22.87822194,-22.56862566,-17.27049933,-15.70546718,-16.30877192,-9.132263487,-11.18483728,-24.43920196,-28.02310955,-25.80275712,-23.56240472,-22.92645691,-34.04792582,-36.8823757,-23.93629254,-25.72882937
197412,17.0008082,-2.804278938,26.09058057,-5.178563908,-4.853706588,4.690045809,-10.93370232,23.65331389,2.131122263,-12.14228417,2.966306778,4.06624103,14.47607105,3.854238566,-8.331962145,2.92627104,7.392029436,52.69865339,16.48916479,11.89400685,9.11130334,8.097650804,3.453062732,0.852624198,4.326157037,9.041875813,-1.268733194,-0.19680681,15.37927475,11.53184882
197503,32.161184,46.75332154,7.598708882,70.1418151,46.81083069,35.4005423,62.17076917,16.8084076,27.39152819,35.9106566,41.85708498,33.58804382,27.17548764,39.13628239,30.64160814,38.91638941,30.28077441,36.5808785,6.077063388,18.3262214,15.83968154,38.15467359,31.63532595,20.7637028,29.13749314,34.81127959,46.38566291,66.68552137,20.34851426,23.78888633
197506,13.92651095,4.743026688,12.16065706,18.30423455,15.79700155,12.7788185,18.81526174,8.22260057,21.47076031,21.12862433,16.13254584,10.56830902,17.21057909,25.2209867,17.35202036,31.65707309,21.40703018,45.65318676,27.7291421,18.23200997,6.709797992,18.04231755,14.12675551,19.07094506,8.076002117,15.32106428,13.58301864,26.962736,14.67534361,16.97507203
197509,-10.06784597,-14.08613578,-9.579836425,-11.04227046,-13.84610242,-15.72417842,-7.596916374,-20.52927785,-10.9911156,-6.019855902,-13.08463721,-8.183901535,-10.10851424,-18.16350471,-2.740090371,-11.62401443,-15.81780268,-5.4034616,-6.17305848,-6.929486758,-8.812770725,-16.85588594,-12.62690881,-10.71728378,-9.271110788,-7.869052867,-11.01147315,-14.48113636,-19.5261877,-14.6107353
197512,14.72358193,3.907333302,12.15869,1.054791432,10.37754976,9.823565984,21.03652268,8.947158502,8.79506456,12.12465204,9.057611555,0.857782931,3.330450622,1.488850195,15.45702924,-1.911720153,-3.513746422,-10.72802544,-2.84064,11.29389239,11.25916147,5.504178088,12.443786,11.41055565,12.12669999,5.317121309,11.09860769,19.46528229,9.639441457,5.536478815
197603,4.5151265,18.2315722,7.11488125,23.57174849,16.24666594,13.40805336,35.32277357,7.321822909,18.74533942,26.78870944,28.12434865,27.50718272,25.00759163,20.44582959,24.53745297,30.91639288,21.46085686,17.97204761,12.40523708,6.029071454,14.06724938,18.38300585,23.39013987,22.27010211,18.92606746,25.63270025,17.31138868,17.66837938,18.02547871,17.04788614
197606,4.22541153,-4.232307205,-6.297642202,1.379321225,-1.717990422,-1.357113413,-9.527412118,-3.595048337,-2.843061278,-9.360231424,-0.886377774,6.579383187,9.476004303,5.971243648,1.615466784,16.00158057,7.317080451,29.51554515,12.90218678,3.499475981,2.253409508,3.365259046,5.15422753,-2.265744828,7.277049665,1.57941175,-10.43503062,-7.613473506,1.472283294,2.120917071
197609,2.068356755,-3.555737379,13.76928156,-7.390909216,5.878187053,-3.24523641,-2.627116102,5.466253495,-5.038413568,-4.5532636,-0.597342014,-4.371760084,-4.539891155,1.444165746,5.182918522,0.07399556,-5.025190672,-8.499315743,4.692850275,10.17176367,7.735713297,-1.13320083,-0.218456727,2.659486592,-4.22156608,-4.33797112,3.26609872,-8.646257307,1.563613718,0.555463565
197612,2.964220213,-2.493888619,6.656451718,10.54186277,12.90780078,-0.264555672,14.49473331,-7.635221725,2.00643635,10.67257286,12.54011466,1.055496848,3.86569655,-2.433038099,8.625000502,2.858266,5.432228152,2.406574438,4.654038189,8.973218677,8.074321173,9.42220703,0.587896938,0.903254375,5.592642112,5.450339201,6.890576038,4.508961098,11.44903319,8.195679449
197703,-6.082609522,-14.15896335,-7.886080226,-10.30290556,-5.62283436,-13.25860781,-5.986381234,-10.64017254,-6.757653632,-6.863183969,-5.27351244,-3.714445656,-1.587404148,0.086579365,-10.90240689,-2.693518722,-1.835450062,3.445983375,-4.898238584,-2.4811408,0.029939009,-3.077119145,-4.545339992,-6.618550434,-6.652903467,-1.950477443,-11.64418353,-17.33654664,-6.6045624,-3.447275576
197706,3.53896462,-2.730811816,5.888816891,3.628967024,9.97910503,2.195554938,3.808818102,1.426565504,-3.911183653,2.650218348,3.590134856,-4.855789963,7.65213573,8.413825918,6.513725038,13.59031669,-8.4736099,-5.283690333,8.656124296,9.581491718,4.110928788,12.46164338,2.40988567,-0.502166643,9.242724752,0.582334742,-2.136357972,14.44937759,7.82988041,6.725507596
197709,2.796784126,-0.846597064,3.210583364,-2.244212752,-2.354189555,-0.04912352,1.803838185,0.612797126,-6.643365621,-1.992062434,-6.16971763,-17.28043843,-6.467839985,-3.529320666,-0.841182684,-8.02982248,-7.0919315,-13.57599026,-6.600517461,-0.446681328,0.261846429,-0.04409231,-1.506797843,-4.177409748,-7.476915043,-2.465762769,3.78392154,9.162469508,-0.784893923,0.941778318
197712,-1.448524357,-1.634858205,-1.507434152,4.205229746,12.66887359,-4.797847789,7.561153981,4.853873298,1.042212982,1.797263781,5.116472707,5.934049424,2.439680882,1.496502368,-3.645335062,5.311816137,-1.714218685,-0.734039521,1.620313216,0.701700064,-0.865801442,6.9993719,4.266110555,-0.367538819,4.3584496,5.646350101,-0.270328731,6.74098083,0.654716756,3.668728764
197803,-2.704667506,2.840588706,-1.823754959,0.747117812,0.503810893,-8.086818181,3.245643416,-0.84405472,-7.32192125,1.820041169,-1.139323785,-2.484243748,-4.083957244,-2.282337562,0.501438478,5.670408147,-2.23594838,-8.91381153,-5.995022503,-2.594522656,2.41304839,3.004247724,-8.88206896,-5.678472832,1.774339678,2.587746883,-6.519189798,2.376619936,-1.150064603,1.754125491
197806,11.65552818,7.7511869,11.42651579,18.97503296,14.69074671,16.3462408,6.891870995,16.197263,8.509563008,8.533319149,11.52421843,5.615698242,16.22064212,19.25976692,3.716123834,30.49236982,3.337296613,8.146166512,3.522228171,1.769354391,0.989311623,13.31582055,14.61884134,15.0079613,11.63725344,11.00199261,8.652435819,24.34988691,10.9168313,13.79403103
197809,5.312809628,7.191970525,8.102779984,9.597254372,11.32525585,6.889482058,6.166871174,6.93483575,10.15529578,17.78744429,14.49571601,10.08231172,9.586897723,5.450652742,7.132617051,12.00999073,17.42756458,2.56775064,14.12923867,3.03466554,6.322168717,10.12498208,10.29575958,10.97689271,12.00742504,11.33825828,8.415323232,16.70463354,10.10363648,11.35819166
197812,-7.709184486,-7.876259395,-3.547628506,-10.46560423,-8.418133389,-5.434607447,-11.4007998,-5.18983083,-8.517617596,-16.30108242,-14.61435556,-10.6269607,-8.550746241,-11.20555403,-10.38079251,-5.455461434,-7.54585712,-13.93621996,-2.07129991,-5.460425772,-1.558009353,-12.86522698,0.183741402,-4.639533206,-15.50801575,-9.287488,-12.5551348,-22.35160036,-8.53332928,-10.30180636
197903,1.270676461,10.69090865,2.63404712,5.846655824,6.416301772,2.657380003,17.2732703,1.726024708,14.16645092,15.55929202,14.31504242,19.14695692,9.778213437,6.2471587,8.742416868,-1.123630093,21.77767238,27.10593225,13.33864037,7.085867555,3.151847309,7.709290093,8.470787048,9.464583287,7.579420829,11.61144394,7.497199304,11.27345212,9.280583149,12.92260258
197906,1.257323244,3.392385891,2.340352988,2.543832742,1.105178415,-1.019305964,1.008911082,2.49115045,-1.1101883,3.610396208,5.271829334,-1.133458523,5.130906756,9.127809128,3.523972983,-1.406344614,10.63805892,13.57388013,11.22752076,3.553938381,-0.131734382,8.018134358,-1.410757672,-0.633060176,4.059249905,1.944286022,0.382101898,5.425476992,10.42138399,7.710874441
197909,5.783013665,11.36863995,8.275064732,12.58909527,12.14880842,3.128701071,9.96635468,8.105019438,14.26040916,2.288740558,12.67458454,14.82730036,7.80492049,3.401553078,7.986284044,18.32730097,18.83124565,2.860946555,16.41750371,1.983291956,-0.966579725,12.27451857,2.185067735,2.983559806,9.818727122,12.79435323,7.90575068,4.526975449,7.32335292,7.53144116
197912,-1.82096398,1.668431824,5.679765382,6.095953449,0.338790311,-3.626393968,2.93423277,6.1940792,3.274450634,1.976874306,-0.558248966,-3.635855088,1.340306731,2.296928706,-13.72255732,11.82403239,15.02426861,3.849993447,9.23620877,0.604028744,-2.686252465,3.63919592,1.702789998,-4.98149362,-1.661932286,9.470376488,-4.310133203,-6.550419912,-2.773474849,3.101487378
198003,-10.92248982,-6.083600544,-6.071421704,-6.168543252,-14.00908887,-7.746284262,-4.858524838,-8.533841247,-9.399886822,-11.161282,-9.737831172,-4.306402,-8.971307859,-5.758758928,-7.355156134,-0.010918961,-4.179996515,-15.13495929,5.92045288,-8.362782208,-6.047268976,-12.15340047,-9.629863674,-6.944005285,-9.970215998,-7.330983625,-13.20046386,-15.5926639,-11.57703051,-11.38418642
198006,18.2824363,18.76115747,26.13322575,9.33875723,16.18138554,12.27306331,8.206228114,11.77211756,15.55647176,15.81344799,18.02402121,10.18181325,12.85627014,11.16394363,2.193112916,-1.342783796,23.00899511,25.95125258,17.55634788,22.43866556,12.02160989,22.65840028,8.642800112,12.46123894,13.57839804,12.49975666,17.48724806,25.8368617,20.87490849,20.52822842
198009,4.656781728,11.56382471,4.852669045,16.69886048,21.19263349,11.88495658,20.24056394,13.14847012,14.36225084,16.80115307,16.06085586,19.22118296,19.46670624,15.63796887,18.56876917,18.47431376,29.00783056,14.52720593,12.67577608,-1.030741797,5.686791644,28.23365714,21.79227334,10.59937683,18.6922742,28.44804065,10.4723063,11.6797325,7.926899808,18.62880848
198012,1.587958082,-3.445643432,7.276799129,13.52802422,4.397099912,5.158284585,2.058760689,12.35778378,6.11839723,-2.511246383,6.064799155,-0.029066905,11.57036886,9.417128967,-5.444399993,20.26891743,-1.454728454,3.491228593,20.08473865,7.45559779,-2.436812657,9.991749635,10.33594944,3.52407065,13.46030024,1.385460008,-0.679708475,-5.764345877,9.04425488,11.54274189
198103,11.90486916,16.46136634,7.722787598,12.82568259,9.402845428,11.08596257,20.11661008,6.135686058,7.41226786,13.82088543,9.714788963,23.89438782,1.97417604,8.811390258,13.90258901,-8.537036329,3.453666596,-4.565478182,-13.08470292,-1.162617242,9.049362182,8.281840806,-3.389503251,15.05392467,16.57160887,8.079330032,17.69361162,19.52090582,6.24101345,3.450772145
198106,1.804776273,-0.20101744,4.287912884,1.097166747,9.78461929,-2.278278288,-0.081082744,0.62726522,-1.491431283,11.02428912,-3.463113822,-7.91324039,-4.030642967,3.593711702,1.825759706,-2.59789021,-3.065738224,-5.133491692,-6.955545952,2.746219305,11.61994017,2.980183733,-2.88478243,-2.996404982,-0.128558915,-2.011357468,5.604424726,5.252673295,5.165089579,1.681686908
198109,-7.875525046,-7.325773189,-3.392705102,-14.40745542,-10.6954307,-11.0239858,-8.386493536,-12.51772262,-17.99959341,-11.63120021,-19.2879927,-15.91061507,-15.28364194,-14.49069301,-15.54924746,-21.43080076,-10.8249557,-13.10180562,-11.45260905,-3.731188288,2.364873824,-15.80011577,-13.83979886,-15.04779746,-16.84712397,-14.32886612,-11.0829126,-18.19886232,-10.37058053,-16.70289372
198112,11.24198888,9.501852752,3.348573613,10.39468158,11.08324111,6.194125752,0.725838976,11.35099174,7.54518761,7.260434643,4.624520473,2.892939406,7.444456357,7.05789952,-3.257814678,5.714018585,-4.632729042,12.66658345,9.827344256,8.479936864,7.272934554,12.65224254,6.610111693,9.238911968,9.93151104,7.308680354,4.686870565,8.829531492,9.126641204,7.878328207
198203,1.894554685,5.003848004,0.535433588,3.211335027,-5.823917573,2.253738365,-4.49986432,-2.94639662,-12.93666529,-2.489960555,-14.65470266,-17.67884512,-16.92785882,-3.689590552,0.49720028,-8.79009415,-31.33362811,-24.62698065,-21.4870954,0.494759362,-3.122087895,-11.20102472,-5.74179916,-6.930675098,-7.619479164,-6.116575186,5.718954928,3.895791364,-5.985616054,-9.395607528
198206,5.909559782,9.476198,4.88524726,0.430541672,-0.595336395,1.609366285,9.242377658,3.306447251,-4.638479265,3.862082243,-4.892841885,-11.67206896,-13.32606454,0.810113071,9.401509246,0.083002374,-15.24190479,-12.50300997,0.203459965,0.99668696,-3.737150518,-0.499850188,-0.650710792,-1.61759777,-2.370262529,0.556321165,6.97488416,3.31884188,-4.940686374,-1.457098915
198209,11.55450301,20.05893114,11.97940135,1.561321936,19.61961551,14.77003828,23.062323,14.80836773,9.618641295,13.50124236,13.34780422,2.485768299,-0.286699342,10.46761201,9.60837965,23.4030235,11.07773595,-3.041713806,3.112187811,10.18697588,13.30303549,17.01560977,16.05142148,12.3877789,1.690406972,19.25123475,18.4817159,10.97702886,14.5455788,13.2529151
198212,13.27095006,9.998459761,9.476769402,12.14522149,32.97417284,20.19282385,22.97293209,14.63270789,13.64925322,26.941802,37.42738984,19.74657447,22.05601357,28.21475682,34.8946674,20.04811965,34.39821673,10.7253625,6.451410865,9.510048692,13.2710341,29.99694839,32.509478,21.8212507,30.19625154,31.42297442,26.92038658,16.79786693,19.77769142,26.24968111
198303,6.058235168,18.33546936,6.357439202,10.28400865,14.24094651,8.884633266,19.57417024,9.109426738,15.00861814,19.36747626,13.77727592,15.62986571,7.547242972,10.2644816,1.987772978,21.89095688,2.860664816,-1.107600625,9.580070443,5.468383775,12.80824195,17.88307514,12.83378353,10.58507989,14.71748576,18.15992701,19.98957165,14.54462607,13.23562954,13.94088691
198306,5.903664488,1.881732808,-0.990071914,18.14129376,15.69760334,4.014466336,18.16224078,9.28772001,14.6029772,17.37584493,5.938368282,10.61562391,15.16559792,15.41066388,26.18902654,15.09441863,19.12462455,24.50912238,17.99501659,7.084382532,4.023039973,14.36420179,17.07013795,9.943908183,17.03601018,16.63404494,16.65223761,19.01884627,10.04415433,19.73195641
198309,4.638274514,7.702852858,16.02544972,-5.972903934,-2.55839968,-4.338735501,-10.81299231,-5.414911808,6.868382566,0.874218945,-4.438793292,4.400633179,-0.051005354,-6.274040896,-0.247172561,-5.655435066,-9.233959237,3.6325789,-0.393670302,7.34531395,-0.90312984,-8.73056746,-3.25924397,2.632243105,-6.075439257,-7.152795424,-5.709875405,-5.507613552,-0.194766332,-5.440969081
198312,6.96831287,-8.621647791,6.978681375,0.830338786,-4.663903235,7.170358753,-6.675289612,-8.511743191,-3.544727143,2.435133964,1.654577024,4.968726509,1.80939328,7.657706228,3.126966272,5.189826899,-4.336530506,-9.954620813,-0.70019023,-2.231112731,-3.701798795,-7.061988064,-3.586800304,7.820523079,7.875917904,-1.795768423,-2.930580154,-1.956680787,0.117440194,-6.25781744
198403,-1.182785148,-10.21133401,-4.878286125,-4.510141536,-7.109314475,-8.544133709,-8.651766536,-3.260004759,-5.72218287,-13.86356896,-5.573475016,-4.233643012,-4.290071243,-12.02777533,-12.64476624,-12.39185896,10.48050757,-1.544359965,14.58897228,-2.155455846,-4.009051738,-12.64199642,-9.543611842,-4.762406201,-10.0755604,-5.891461641,-10.17357228,-5.491192276,-3.05247748,-10.75788813
198406,4.835760499,0.035610409,4.436793901,-6.141815121,7.401396847,1.122247994,-2.612380677,-0.674552414,-5.571059046,-1.573373977,-9.746108105,-15.83051297,-9.260973251,-0.94536818,-1.01852823,9.323975482,-19.68738762,-6.171817012,-3.361540793,-0.742603462,10.70398435,-1.888286779,-3.940862389,0.898190932,-6.13827329,-2.016261258,3.049217909,1.363646039,-6.455894221,-2.938725152
198409,9.273532594,3.880882725,14.67081584,5.407583053,8.299785406,5.742478817,2.748567712,1.350268694,7.668394505,-4.137013129,10.66846352,-0.03372184,4.793405156,5.587831761,17.01897397,15.29987291,-1.810908348,2.94386531,7.885479979,12.89889517,14.67830328,4.563576823,8.027562245,8.532575464,8.522402912,9.283096545,10.5855307,3.479648242,13.8949606,7.462888114
198412,4.052501649,6.226182524,6.676114836,-3.727197847,5.059529792,3.496667456,-1.78604416,4.403309608,-1.3035532,4.676181344,2.495743219,-0.647669971,-4.051697095,0.861681004,3.727881895,4.313817746,-15.18935634,-8.5319818,-5.964605062,9.260891734,2.089846966,-3.083052175,-1.42224688,4.22323226,4.591056274,2.043229403,-4.051834207,-1.305905592,6.030238556,0.921598613
198503,14.34874653,11.33476933,15.94071056,18.14720449,18.50108227,4.97284915,15.18479016,15.54348629,7.091958694,7.890714259,6.527129,6.432312468,6.897688195,6.14734822,1.100943188,11.8878724,18.45470954,3.449706017,12.369854,10.1562088,13.63838816,14.61530324,3.423780606,5.392203247,9.211184108,14.8813857,14.58027566,17.83835844,11.32348128,13.60395827
198506,13.07017264,14.09384211,-5.608783822,12.43985192,9.752816073,6.232564644,11.06774161,10.16028773,10.09733765,4.282766669,6.28270609,-3.946308666,0.01167176,6.135308468,3.621127288,6.436870744,-5.018108223,-1.308068862,3.749317732,11.11132121,12.42184718,3.882208018,-1.587345111,7.109532943,11.3649309,7.5946434,13.29805413,6.948733762,12.19513105,8.961999373
198509,4.208823056,2.680625875,-12.86472354,-0.673560078,-10.10218204,-2.893916576,1.311117362,-5.04024448,-0.63853755,3.825171283,-3.791869696,1.009915315,-3.0546424,1.391198287,-2.874209047,-4.875408134,-1.897138713,5.687575453,-0.308707624,-8.027830256,-8.073776464,-6.335892997,-2.555702358,-1.12012086,-4.48376343,-4.937487546,-9.958792845,-6.329272149,-6.10744852,-3.611614816
198512,17.76363039,21.27846388,19.16619031,15.86303188,18.65014313,23.66588898,18.38376381,17.22419497,18.46688701,21.1392877,17.69344492,4.169929427,13.82206527,15.92245483,16.14631618,9.121446037,-0.108567726,1.237160641,3.317162768,16.18126532,18.66783646,20.10835814,21.29399884,17.1572256,10.46585306,19.7539078,21.07438616,15.86138974,21.62240591,17.01904515
198603,20.43016765,16.57575874,32.06990192,19.95583667,20.10128296,15.77544345,22.1348105,20.2176741,20.3218134,22.88642413,27.13695949,12.31715259,15.73413884,13.35076395,28.83671904,17.33358922,-0.217436696,6.315691625,-6.186510441,14.94540481,7.058583741,12.67372259,4.463913882,18.69383242,16.57413115,19.82659694,18.93034408,16.18047738,18.99865511,19.16740262
198606,16.63251948,12.36155405,24.95887237,15.08404591,12.12615112,4.673759795,11.36011623,14.13641566,7.614560274,7.319654,0.604806575,-7.143773572,-3.51309227,-3.205785939,-5.001745342,-1.668891062,-6.638710578,-6.967114575,5.686251576,4.648312446,13.17556255,7.999963904,0.051817477,5.756440436,-3.880960926,8.205020828,16.44675163,10.32227618,3.55243796,5.373705945
198609,-14.29067392,-12.12268632,-9.725247789,-19.87744008,-15.62811347,-12.92862362,-15.22285888,-13.93822354,-5.870544915,-12.42082501,-6.063469057,-6.378953436,-9.301091064,-7.29257428,-8.327631901,-11.34852809,18.71767893,0.108890576,9.48120068,3.133813146,-5.985864665,-13.27305765,-8.021495531,-4.387559565,-1.641288395,-15.25135974,-15.84292115,-16.66341077,-9.13468814,-9.845895093
198612,8.15746135,5.92780184,7.990766759,-1.641721067,4.476843516,16.04867469,1.091609987,8.019716813,8.501962664,15.75322293,6.791974352,-5.817444372,6.6653168,1.132482909,5.911706992,0.420000582,-0.218175069,-3.713554714,4.729671192,2.316217058,4.725975571,7.949339498,-0.548462238,8.991026395,0.65581117,3.59654438,2.315188134,3.202163568,0.197863075,5.153362928
198703,20.17116285,27.19219596,18.80751519,33.4747778,24.06226046,21.09806828,28.21522339,26.11333467,28.17469696,17.13250582,27.46924018,31.25100181,24.52296621,23.01686804,31.87500419,8.70290383,56.16863682,6.057716853,26.02191238,5.17467917,6.858659373,27.03208807,30.31416444,24.72118892,9.985628133,19.7053985,25.57213143,26.7068368,13.132785,27.04582929
198706,4.21576781,1.61048155,3.91369903,7.881336094,7.965183062,4.101275838,3.082376068,3.439753719,6.756066976,16.76623739,-0.372166033,11.21411489,6.546645572,3.48135344,8.009482821,-5.395216948,-2.566884422,5.674033614,9.106181886,-2.91668144,7.927804746,2.716597732,4.942806514,0.545523039,11.00369881,-1.477747346,5.473120256,0.469198408,-0.944387692,3.684289688
198709,3.2034147,11.43800434,30.05370836,9.671039229,5.015745954,9.654306362,-2.641794328,5.32054925,7.826425719,1.14602597,8.661813638,18.27953829,17.89794828,12.09755651,3.791999192,9.329602485,19.23285738,4.890514634,1.094764994,-0.387781223,14.74786365,8.999038995,4.870732803,13.19846693,2.223007309,3.483291446,2.493909344,0.850107478,5.391897666,7.364383412
198712,-19.01948739,-12.1572987,-25.12804191,-29.9369104,-22.94638405,-24.67566013,-34.69340205,-24.01317429,-22.251826,-27.12782368,-25.77619404,-21.48536211,-24.17152388,-28.19569403,-25.93600126,-32.70732,-23.78918239,-24.58788417,-22.07890904,-8.777396183,-16.75956983,-23.85869271,-25.3490368,-21.59303705,-29.15925822,-24.76812691,-30.60643636,-23.36901114,-24.16975795,-24.4143252
198803,7.148551568,5.805913512,5.543630121,5.796019542,4.425788463,-2.353956839,20.36090005,8.01118273,3.56295824,35.48556627,18.20277618,2.436527125,18.38680158,3.132985872,16.07280647,19.18370034,7.446525771,14.77170297,15.22809696,4.760795306,6.960654618,4.273385725,-0.689739787,1.912553072,17.54673646,14.5477813,18.28982466,10.30750941,9.302548824,4.994609669
198806,2.134309987,3.90048165,-2.014090842,10.53595766,5.318877018,6.320351312,4.937490944,0.375012663,9.314179384,6.822400007,9.031187632,12.12745612,7.951469697,8.999411976,13.42228598,9.056275694,3.487667171,6.415345344,1.895839819,6.625842725,5.950460624,4.866364772,11.04322468,13.29069688,7.569472591,6.259907984,7.908541514,6.316265636,7.134163641,4.436754544
198809,8.83366551,8.284807724,15.18881322,-1.36159307,3.112850802,2.19157753,3.64773621,3.241729729,-5.978953002,0.95362781,-6.082478015,-2.690166384,-6.963628258,-3.98052442,-3.450033362,2.466226863,-7.581316791,-5.208020918,-0.463547754,2.30977816,4.106337104,-4.486537605,-10.556949,-3.6738008,1.518574356,-0.458317045,5.605759843,3.533899886,4.15896404,4.192876896
198812,21.16525051,0.91175888,10.74825626,2.637648672,0.26821079,0.997149292,1.123994525,0.845963758,3.090281497,2.79404331,1.107370381,6.541882724,2.663170112,2.132040865,3.815760896,-1.863272518,-0.5306282,-2.2479776,3.413940193,3.099357292,4.820542224,0.07795161,1.58257736,0.289630646,4.846151312,-0.165650941,0.407268962,0.668309846,-2.941094969,-2.802509896
198903,7.21907336,13.4633752,15.05272659,19.02031574,7.519470614,5.347729273,8.234367941,10.80816128,10.62241442,21.7545245,8.716952406,5.821082095,4.778992038,1.546468257,0.830846715,9.159763328,4.578790659,19.22448628,8.821939627,1.464839678,13.61495425,3.106811635,-3.21823752,4.24254577,7.872400194,5.293969798,7.89240041,7.998654604,11.39625319,7.049224447
198906,12.56205721,14.73702277,13.12586851,19.20083949,15.98332399,10.41248052,4.243513684,6.038262574,2.95568899,6.74115793,9.947682512,0.653856056,6.489847105,14.82607906,1.569363787,2.130873671,-3.246427315,6.72795985,4.469931805,13.16950084,15.94278373,9.89112086,3.935320402,3.693832645,8.549204941,5.893349466,9.134409384,20.78731795,9.100846747,9.866518705
198909,6.860945768,13.46102764,18.26584626,13.41589608,2.608046251,6.317029808,21.6629672,17.03200415,10.47108413,6.531609212,11.44371635,12.19335956,7.967488641,9.382866675,6.24689756,9.698704361,10.02915466,11.97174023,8.769148778,5.45737728,13.85612347,8.744403896,1.258193168,9.704071492,16.54391161,5.368082992,11.41577361,7.628156367,12.59579843,17.5301205
198912,3.765358015,7.201317336,1.196398477,-7.426797772,-7.690571392,2.056319895,-9.477538142,6.039512503,0.576369246,-4.568444836,-4.720403051,-6.402795251,1.681592768,10.45599513,-10.49873521,-5.151144707,13.18735969,4.193327677,10.54856363,9.267281642,5.634212849,-4.579188642,-8.64431729,3.976129382,-6.694413002,-1.671832569,-2.864242235,-0.700145054,-6.782476208,-1.32016336
199003,-5.79840361,-2.888004891,-4.926880936,-7.806179801,-9.999712,-3.699262583,0.91497442,-5.776315671,-3.784541414,-6.331700373,1.975020192,0.089751158,5.997504232,1.554280982,6.215066939,8.46068471,-1.789104976,9.752194611,-1.758215469,-5.853206725,-10.08686759,3.138170713,6.9003572,-3.818506197,1.0592475,-2.883901793,2.291500846,-11.70813547,-9.108866953,-2.706861716
199006,11.0663222,19.79696303,15.60546427,9.35771522,1.26883067,9.773097034,5.135726228,18.10806698,1.336033706,-3.690304773,2.899614896,-1.701652352,0.667219344,9.715149463,0.197908183,4.905087969,-7.460433256,-3.967073795,0.044973491,0.358443185,0.631105507,11.23225951,8.085826986,2.83254276,-0.730078974,7.339770991,11.83579873,11.46454183,2.742224555,14.06433069
199009,-8.075793714,-11.19670989,3.327818233,-25.10182292,-20.03435371,-17.27677883,-29.95548991,-8.564949247,-17.97729765,-29.82820597,-19.2595168,-10.97648439,-23.56404208,-21.28189133,-26.13134843,-24.35976359,1.389068832,-7.54825503,5.321245894,-5.356224051,-13.71910358,-24.54061683,-22.88204562,-15.68328564,-21.55412451,-17.65443915,-23.88897609,-26.90554444,-24.79319636,-20.60257446
199012,13.67653627,15.81293375,20.99328519,13.78495268,12.62414979,13.52556241,16.73462457,14.06805121,14.51812622,4.407619328,4.062828368,-1.579708346,4.086060056,8.266589626,-1.081222425,8.850651373,-9.917107473,-11.68940639,-4.712737038,10.57386032,7.841569,13.85476821,10.29387575,14.17289177,8.354709125,7.429461005,11.35890213,9.963209636,12.07738964,5.421550282
199103,22.49266843,22.5709232,12.08057579,15.41138676,14.11053225,11.69198182,40.76073375,21.06126793,11.84670213,28.48308431,22.08959219,15.98529722,13.73199162,22.104765,17.89459867,9.50670368,-3.495031913,4.528401765,7.582875095,5.161863476,6.020287629,29.05814097,20.40579655,12.84328171,16.24290557,15.43248015,31.53504829,26.48641652,25.70049393,15.94254401
199106,-2.308263888,-6.027291284,-6.057948063,-3.395275399,-0.899522524,-5.211482176,-0.729659329,-0.864668109,9.941366434,9.198556304,-1.411963662,-0.9007984,-1.293324302,6.390863379,9.741194858,1.346113227,10.68295326,1.820378408,-2.665869314,-2.243127862,-2.23966144,-2.959875734,-8.779800266,7.300084664,6.189612402,5.41921544,6.057678818,-3.743963712,0.819052611,-1.689921733
199109,7.987873229,10.2730912,12.54224455,3.75832838,-0.223820952,10.71538207,18.19909093,11.09521846,2.377540789,15.39439853,1.877825955,1.939526385,-1.421376038,-3.651860957,-6.896310178,8.60319224,-1.103979608,2.014121635,6.129395234,11.67659659,4.628841152,11.8623007,3.209108518,-0.707697635,7.133239662,2.020808506,6.186344584,4.530015012,10.08816643,1.324079914
199112,13.61817178,21.39207769,3.332187679,3.27557996,7.246244777,11.28700264,7.909354251,21.036416,5.653476094,6.517926361,8.700842432,-2.101188991,-0.897031851,11.6628254,-5.51411389,6.826870134,0.649982469,-5.790403818,-3.947328335,8.310723675,6.62976028,17.43119162,1.928984698,6.75228185,11.81251653,10.19664009,9.115534315,10.75363407,9.739263066,11.48391776
199203,-8.850373113,-0.27757965,-8.747162016,21.5318539,7.24002344,3.842934042,0.977827554,-13.01965948,4.689686048,23.88780428,1.94225461,8.986660897,7.412296256,-0.624307168,28.32925866,-0.124461977,1.587890612,-8.040630097,-7.307599646,-6.25317157,-4.74107468,1.811136896,6.352785002,3.263068614,1.327508085,0.807020113,1.236456998,9.22945796,2.983501426,-5.278290453
199206,-0.591734285,-0.208044022,-2.565993589,-3.630281168,1.544614248,-5.146194219,-11.22202239,-5.722057304,0.482921806,-7.927718837,-5.349358995,6.715263499,-5.209646716,2.061536981,13.89783574,-4.476564928,14.63934074,-14.984384,9.186301796,5.856627589,6.33596602,-7.822289059,-3.405018541,1.558811767,-1.480062137,-2.370131055,-6.503428977,1.856925724,4.745929625,-9.272646094
199209,10.37665752,3.653998136,5.840862064,5.121459463,1.2597738,6.940604734,11.39065582,-2.76889459,-0.721623619,7.736911567,8.143037632,-9.702589674,1.834182517,2.626581005,-12.91854788,-3.866598064,-5.331499797,18.99028783,8.165291227,7.037790196,6.150786432,5.062401188,-0.339313869,-3.784053834,-1.319480273,4.2013405,8.81842302,3.276378275,3.713008536,7.340708525
199212,-0.008636131,5.73415412,-5.087058184,15.31698942,7.236630199,6.03175473,10.02073082,6.834760424,3.955267146,11.34942319,2.606136776,12.98367395,2.768562104,10.75120577,12.12021584,14.02186939,-7.48485836,-10.60638985,-4.18495602,2.023215216,9.515428549,12.53909533,7.012811568,6.321172947,13.26345779,13.00979148,12.05814224,12.00444258,14.56215813,11.49564188
199303,-7.250377311,0.912638834,-9.5779826,5.750010336,4.227758434,6.546997718,-3.664463123,-14.41711057,0.809986033,9.249468479,8.844169958,5.097140992,9.490114448,4.608511305,16.47192,1.718291585,13.7532594,-7.305043168,13.44543283,10.73811997,10.43280308,3.504740769,7.516500995,-1.591479143,7.57015717,2.56185639,0.92552943,3.851983388,9.240014486,-0.259957117
199306,-11.40380124,-4.408391672,-12.00094669,6.188823371,-1.166708507,-1.880268666,-15.39543177,1.902246103,0.654095156,-8.906038832,-1.242150777,3.21101098,8.761984847,5.910333872,8.250095184,7.933999527,9.364123123,-5.594537649,1.81830164,2.963414862,5.936069994,1.195286528,5.509815625,-1.568084598,1.653642125,1.056322717,-7.275826531,-4.028639788,0.465834428,-1.13771956
199309,-1.350518358,0.638027796,-9.427134344,12.72760582,3.217144714,-0.325576965,-6.22724484,-2.24202476,1.83996848,2.11647584,3.660315766,-4.1386357,5.741826344,1.694475612,2.66348027,6.136775965,-13.05662071,20.6903758,6.196613592,5.025708141,7.220464496,4.568017933,4.523862845,-2.85417788,7.058895894,5.040785755,3.461458945,7.716644641,8.107718656,1.892386295
199312,9.121866186,5.991886627,14.98436802,0.405017182,11.28838206,10.77564612,8.67487028,9.84529734,6.903904252,2.916364476,7.43082207,11.79045337,5.513643768,8.426011637,16.08799338,9.485372588,20.27727165,3.621446565,-7.169636256,-5.870532264,-4.030567682,1.870232365,5.566756649,9.347774,7.199360739,4.280645638,2.267716552,9.326038584,-5.3832079,-1.265384579
199403,-4.736359458,-6.44320162,-8.962591637,-5.828139723,-7.89278839,-3.871884695,2.895228892,-10.18702558,3.619083783,-6.800736066,-4.442413946,0.727879894,2.009259968,-2.577144072,-3.819458483,-0.747414988,2.815330587,-14.62554467,-1.918007532,-9.799502327,-7.235347878,-1.137539462,2.566797232,-1.539172418,-6.04930958,-3.823426616,-1.543200202,-2.966130206,-3.41803284,-3.68802655
199406,1.08540407,-4.942320236,6.920314826,-5.542355112,-4.26191392,-0.75860236,-4.882664618,2.931196928,3.386360033,-8.135633552,-3.001221361,3.550811601,-5.510933782,-5.630414716,-5.31586243,0.704234571,-12.01491374,3.204844123,2.220224561,-6.3779397,3.835607361,-0.245721838,-6.775460472,0.988936095,-4.442966273,-4.144832147,-3.917685786,-5.96622856,4.076929736,-0.497366502
199409,10.33420234,13.70633444,12.58384048,2.36815988,2.210766022,8.54073152,5.165103352,13.79567759,9.245995101,-2.211701572,5.009408234,12.93436638,5.317580077,5.602397754,-3.157143234,-0.587284039,11.95875456,0.25805793,1.130354359,2.911313243,3.24875168,9.517315469,13.66995028,12.82650872,-3.547020258,4.821874899,2.863868458,-0.30871219,1.372546458,3.104904757
199412,1.637232634,6.630746222,-6.312860423,1.554078456,0.977213035,-0.028730681,0.011397054,1.850747055,-4.195478202,-1.208411644,-3.713400035,-8.103670717,-2.78674661,4.650523653,-1.714170971,4.219506663,-15.77766049,-9.84624124,1.1904542,2.180440196,-4.684910855,4.481330439,7.534212632,-4.031137106,-2.608484874,-1.58533354,-6.211089845,-0.440519478,-3.667961818,-2.128133312
199503,7.487203328,10.43666739,9.397705264,14.80034696,7.34089904,8.242081907,0.271515372,11.46850957,8.819518976,-1.195038,8.020500701,-0.600002623,11.48612561,6.2868503,0.088911986,14.2278394,8.688380336,-1.028084959,10.41468746,5.226816995,6.069585576,11.23620219,10.30567819,9.980838144,14.77998903,7.9184276,7.024701785,12.71349802,12.18931343,6.466481462
199506,9.992545732,11.77646744,-1.514995216,4.881657348,4.500556818,6.523599881,2.641396388,9.42160011,7.729398115,6.458531748,7.262170467,8.310374743,11.09267309,5.618072076,9.16590454,14.98589575,-2.584177804,7.967804567,3.212925132,8.033786025,6.176095656,12.52359092,24.491564,7.151021911,6.845713082,9.382939136,4.441666656,9.637515174,9.81987479,8.806809108
199509,8.863448468,10.04781158,3.858628067,2.34021824,8.371487725,5.519861429,13.66812876,14.32155644,5.131671533,0.061518234,7.397072552,2.022617142,3.316585176,10.82247864,2.31642163,10.73473891,7.968970182,4.926787381,1.98109365,6.873483622,15.86825324,9.195795089,9.891714812,2.226645778,12.80352032,2.440852197,3.549198199,0.886066803,15.91027475,2.329232301
199512,7.482869648,8.109150016,11.08125418,-2.822054856,4.441760558,7.286529794,3.10507298,12.40847066,2.55193208,-5.315796827,4.943222618,1.270531571,0.96495598,12.07227015,4.343243951,10.82336848,1.727440307,-7.608789778,10.6035278,8.278080253,6.722099616,4.847879802,-5.797654366,3.24218366,2.798897518,4.793884982,-3.412647674,7.020934023,6.009155,1.998949604
199603,1.080759567,11.12489083,-3.010568877,7.714841671,2.103520174,3.72862698,10.89449623,5.057412571,14.71025224,-1.108284134,2.911791282,8.735478261,7.770896503,7.655611544,11.0513572,7.6931142,17.52127501,3.941926764,5.689785527,-1.185897393,-1.792732438,7.380300677,4.04853947,3.22223293,7.447176478,4.756072627,12.56837612,11.12947596,7.162688606,9.60186965
199606,7.66526512,15.82363884,7.611877376,2.500766414,5.949843461,8.56462442,14.03217961,3.110137802,-3.567396691,10.50205249,6.790636682,-3.825439336,0.318804186,9.940863746,-1.091211507,4.735031414,-7.517895124,27.36067983,4.850717138,3.868609324,3.203494966,11.00056224,7.867388592,2.833337235,0.898795106,4.385149938,8.508113803,2.605142334,0.966818018,5.776417779
199609,5.67099848,-3.061166952,-11.77974968,-4.984030678,-1.38817912,4.546992753,8.425255368,5.060190712,6.521401484,-0.158148184,3.388796198,1.694865255,2.110779482,6.502287146,0.302911042,8.168079656,-3.545567493,2.256924414,2.08864476,-2.448955927,-8.004029766,3.232340792,7.521020425,6.748941649,-2.732371389,0.309142703,1.993691908,-4.047266755,7.358402617,2.791634048
199612,6.113398171,4.079787134,25.04520494,-0.376273639,3.848625254,6.92207613,1.891647462,3.116848661,4.456919859,1.18107098,6.998912437,5.46562576,6.09461429,9.717465043,3.234040498,12.75003348,-1.53797475,17.04471791,12.57479234,6.463060909,7.637066257,1.412206429,9.844415926,9.041564942,7.490967806,5.093387976,-4.215420004,-3.259377437,12.49490845,4.354025523
199703,4.491503428,6.940208461,1.743846321,0.014404688,3.890346268,2.849777815,3.548459475,2.39686702,2.634550735,4.76913398,-2.373759164,0.635260253,1.25594963,0.210597574,-1.19278,-0.589825002,0.591111608,2.735906504,3.508784459,-2.444096412,-3.281822752,-5.324525808,-3.899463433,1.337443632,1.132193792,-7.234849749,5.406201719,0.033038203,3.434340162,-2.203128784
199706,12.96074923,18.61406276,16.5749595,10.0339064,12.72737098,22.17961275,4.32995524,23.58541982,14.6302907,6.124778045,20.74003631,15.41540561,24.13079338,28.06584426,13.03248153,12.29734377,2.308825282,4.707755792,8.799045925,5.458821468,13.4820352,25.30756926,17.96733019,15.36039445,14.84019345,11.25065188,15.39496928,8.371386609,19.40486556,13.99251286
199709,7.797576937,-3.774840414,-4.510049344,4.285813422,9.575147343,0.69967059,1.642408561,2.135046759,2.772412601,10.21773341,5.579811951,9.483503844,11.68634429,6.595655577,15.89447244,3.927240635,8.316859904,0.416528688,14.4731492,6.342613286,10.12672664,9.343390112,22.72918081,4.19020442,12.50509781,10.78715944,11.3995514,7.104005115,12.82545749,8.04835664
199712,9.264209517,5.14430729,9.732362608,9.88026808,9.301540985,4.642959143,-14.9667469,6.788459978,-1.412497792,-4.392534218,4.244565425,-9.491546733,-11.9103888,6.09248675,-1.430292484,-7.73046185,-27.21100154,-20.26691892,-6.906220804,16.76644115,19.1269416,-0.968468958,-14.51582573,-9.431347298,-0.304746602,-0.523035161,4.057462909,-3.143376919,7.61770124,-1.832959556
199803,4.73124207,15.33410973,-6.33705755,12.0575188,11.22671843,14.63564672,16.85214955,15.5062018,11.2786805,12.00369992,18.27522626,12.05460205,11.04508242,16.61206775,20.28213955,13.10645418,11.44289927,2.60421348,5.552726632,4.809911002,18.14107386,24.13730339,12.80546984,10.80418304,10.90978748,10.67335926,21.06168351,17.18418878,11.80865969,9.058087354
199806,-2.40925633,6.401923962,-5.352672114,-1.082325862,6.857526302,3.501198286,4.099902533,5.545655197,0.428656717,-8.30975377,-4.5229295,-5.688703398,-10.35652425,2.682812866,14.06399844,-4.417162615,-14.06601499,-2.949143504,-1.912779546,-0.623560701,-1.568628161,5.944892232,4.571082988,-9.268247968,-6.827725296,-1.588859708,10.54976624,2.264469542,3.020387349,3.847872929
199809,-12.36448541,-27.20996464,17.6677527,-25.05354165,-13.11582707,-18.41356282,-28.30603079,-1.94739136,-19.22973277,-27.243723,-25.58116495,-16.7305749,-25.86457501,-13.09142902,-18.75580337,-19.28368016,1.510497997,-14.02381458,-5.444962077,4.51368003,0.822721872,-10.29785701,-3.057458248,-16.8597694,-20.37640848,-11.91583596,-15.81432471,-17.59406759,-21.28235693,-14.33192176
199812,12.07067581,22.08287024,17.28284509,16.69640194,27.34084147,26.30301864,14.64761485,15.81453111,1.359986603,19.34124123,19.99182665,4.984410003,17.2958498,28.1951552,22.23090087,17.90417314,-0.979141115,33.95247454,-0.122106839,2.383964592,26.5983041,30.71588375,38.73958465,16.44978092,15.55070269,10.6089984,37.69050563,22.70139062,20.81781694,5.902046043
199903,-10.45374513,-4.568919815,-32.81771837,7.959549891,1.758211942,1.451536878,10.68084813,3.022271464,-0.803129485,-20.93975604,7.578405648,-4.270493596,3.910698584,6.972208712,0.79349442,8.352206592,-4.053240062,64.42092888,3.85469,-11.32769501,4.916284009,15.27787161,4.435330396,-2.861294336,2.773396905,-11.42367081,6.3564075,12.881507,4.300123959,-7.533133599
199906,5.632280043,-0.129963204,15.38476884,4.477750833,8.456809396,2.437209604,7.51340813,-3.311886911,17.84436326,15.69544739,-7.007896295,31.71107925,24.96129038,4.597351914,2.547588961,19.94931846,16.94343643,-16.99049193,11.90879547,9.475486922,15.84837824,4.517961576,20.76888848,19.53396805,7.301839618,14.54503171,4.836042417,-4.01844736,5.446665652,21.15191306
199909,-10.53273743,-18.00216851,-12.83782226,-11.15930963,-8.620962682,-8.377317453,-16.1460129,-7.912409589,-10.9238985,-23.93223662,-13.78568776,-4.075048603,-0.638651935,4.0719742,-9.805662625,-8.288466764,-2.625765987,-11.39320437,-0.062563837,-4.304049996,-5.011209474,-2.310288051,7.571059358,-7.083105037,-16.05293228,-10.55500345,-9.602797914,-4.939685056,-15.39545194,-29.57667496
199912,-4.353756912,15.52359023,-30.1753511,15.74300427,14.15694417,16.32021796,-6.61322728,6.11123229,8.232826227,7.43646237,6.167070484,31.88799656,1.42083952,27.58303241,2.578425415,-1.050652098,3.318395312,46.79003243,1.209338522,-7.654330039,19.00360239,40.46947363,39.35647833,11.08554739,1.966671224,2.593908634,19.70041135,-7.210109518,9.073515948,-1.104321976
200003,-6.334413561,-13.54235899,-7.802067672,11.04990693,11.09661759,-29.11599232,-3.335668382,4.754766362,-5.701315877,-8.381133584,-5.2838524,7.505962567,18.03789992,1.553947839,0.080086848,-7.215442807,-5.983739834,25.84940286,6.035877844,3.731336135,-0.481575775,-0.265938838,29.95702173,-12.44222029,-3.413681535,17.47321572,-6.097827236,-5.512234083,2.06320956,-4.857340211
200006,13.74031781,23.00401837,27.7109961,3.602329124,-12.92190326,4.487538818,-7.661950056,21.98842744,-10.04898506,-7.187704653,-5.724052008,8.734655582,-4.744472192,1.759900995,-16.90184955,-6.431055486,-8.358668514,-15.06562639,2.980310658,6.47489136,-14.0385921,-15.43543512,-6.065051935,-7.703277889,-2.220935682,-1.298445199,-10.42850714,-4.290111093,-3.438907495,15.76924071
200009,1.211094992,0.217023407,14.79468287,-4.137649726,0.915745839,-0.97567948,7.324760084,0.815292358,-3.02800332,6.629750113,-0.268490793,2.91549862,-7.762272971,-5.400624844,4.286729276,26.72133724,-7.266516323,13.16578673,10.72194927,27.90443957,-12.03110024,-7.221568331,-10.41490111,0.443033075,1.457290299,18.15962792,-4.884728354,-1.21195714,22.75597862,10.26647075
200012,16.88345889,10.64889319,49.47249402,-14.89806312,2.729666205,13.6578905,25.71322456,7.050497273,16.70913848,2.835923785,15.44347549,-24.42726782,-1.723991586,-14.23802795,-9.996676625,13.39453665,4.439482886,68.61550559,1.197005941,7.422578848,-19.54997722,-29.88992311,-35.62901972,23.18527941,11.02726464,2.188927386,1.787898941,12.51983952,3.962444186,-13.64496658
200103,-6.185956544,-19.08810156,9.393263719,2.966385412,-3.830039367,-13.42349281,-9.58404944,-17.03322646,-9.776193665,7.166367366,-1.735380801,-25.67900874,-8.447764288,-21.88807167,11.39479804,-11.51995883,1.505590618,42.72443055,-3.77647961,-3.647361587,-2.78824257,-13.20082006,-32.81615251,-7.781952993,-2.521565497,-11.81637314,1.028726268,-8.884755968,-8.619154998,-9.475412711
200106,-0.042416169,-2.652495172,7.431703823,23.12785186,9.259730418,8.156810421,8.057184638,4.087381436,6.556951146,12.08862161,4.219076842,5.627132162,14.43630485,6.182495106,6.994198332,-0.389474304,13.07881747,-21.79579384,2.040864071,-1.089721961,-1.83806416,25.22859242,6.632892265,2.695730638,4.498829834,5.636606984,4.0341302,7.093281482,8.718185136,13.37946998
200109,7.178657313,3.50504864,-2.183035017,-20.6166181,-12.45125338,-0.071044366,-19.31164499,-1.466328973,-13.50171251,-12.79068235,-13.87475476,-28.35373752,-25.98797857,-19.77262482,-26.82724254,-25.97552221,-5.363239062,-23.76743743,-11.28288901,-9.437353729,-12.05681375,-30.71679532,-35.87324749,-5.069972742,-18.8353598,-11.77292461,-13.09141887,-8.433009608,-11.90311262,-23.42660108
200112,4.51598075,2.992006171,-3.354944802,24.98374735,13.51530452,9.105687058,26.43110355,3.218623206,13.5958082,27.40251189,24.4900601,15.4469903,26.99903899,18.90217738,10.43259763,18.52174797,3.54093596,21.80247476,6.548382502,3.597662155,-1.237939717,27.48568201,38.08555105,13.23830694,17.0905768,-8.452430848,22.96710733,13.37376496,8.734956355,9.4645745
200203,5.566240357,12.71207269,15.7157509,14.7616815,13.0425128,10.08820811,9.54354755,-2.401396431,8.640000014,12.6028592,7.033809325,5.786778264,16.45005717,5.831973368,17.62169936,17.7088277,15.21024554,3.345970556,10.10536728,5.29746857,-9.078367997,-10.92658231,-5.784863296,7.326997964,12.14330101,5.706393859,4.25063037,10.54382447,3.90661424,-4.51142004
200206,1.463954578,4.222686905,-15.83813566,-6.056422053,-6.587002029,-2.979655452,-2.070313668,-18.32427167,-4.404415392,5.242629102,-0.5784505,-11.70174321,-13.66134955,-6.413620731,-7.171703834,-3.178086712,-1.258263629,-8.199237305,-5.372771108,-11.97890204,-23.03068078,-23.68184234,-27.74713731,-0.053812425,-4.936738106,-8.318450577,-8.395772588,-0.357340568,-6.174468258,-17.22553645
200209,-13.53077958,-10.31395324,-10.75714846,-14.72404022,-5.668211814,-3.519232954,-16.67146234,-7.664263705,-17.84430891,-30.46958746,-19.90054899,-38.28321187,-23.12016928,-17.60334995,-26.02308434,-24.95412244,-10.75578441,-29.5853049,-18.54592019,-19.18187864,-19.62030948,-21.18858738,-27.75854233,-16.10402674,-11.70389728,-11.48505215,-18.73723292,-24.55006824,-15.73405601,-14.02222621
200212,8.19790046,-6.53743168,6.786330682,4.168705655,3.45542372,0.96819656,8.744895223,5.161898516,10.71620245,9.816269346,5.502866202,13.03707341,12.31012837,13.59388761,-2.866942607,4.02622964,5.543877392,28.81315231,7.195107256,4.814749884,23.3301194,20.36456066,17.22328769,6.152428032,5.654251976,-0.641620519,0.742713848,-0.185615836,6.377582643,-0.335573937
200303,-11.27404347,-5.69775945,-23.76628,-9.23707837,-5.890645555,0.961858108,-0.160864723,1.175992803,-6.898661499,-8.526489432,-2.528352084,-6.060979003,-5.804225671,-8.777892281,-12.21478403,-16.58854959,-12.43047033,-5.21835159,0.751108472,-2.918745516,-10.28421199,-3.390133632,0.170269271,-2.19131075,-5.505621618,-6.416709234,-0.399498447,-5.625949926,-4.339564913,1.214941751
200306,10.96916656,13.53665764,50.90407613,28.11378038,13.38207313,3.747225102,10.87697748,12.85410728,9.673916772,14.36757796,19.47437378,27.47410018,18.12207565,18.23294791,27.51313463,29.25834924,25.45393153,29.19832916,6.766907744,19.08297841,20.32137775,15.87023296,26.31505687,7.23930004,15.50661462,17.9787026,15.55786655,25.50444246,18.25145942,13.35370543
200309,0.84578504,-5.303951663,-1.68941709,1.392274076,-0.300358868,4.193097491,7.822409364,-1.690307646,3.088902483,17.10335479,5.822340236,8.167924865,8.937700882,7.802734458,9.238558116,4.987291108,21.64147917,-8.19105475,1.106453756,0.325554275,-5.963345785,7.202488301,14.53485523,6.240970286,1.465307065,2.825119197,6.049512934,5.194422093,4.42075826,3.600169098
200312,8.554328158,15.35654589,25.15726619,15.30412651,13.00271191,5.923488936,16.46755426,8.196763875,20.17636943,3.691993328,20.98845064,36.86897103,21.00217274,24.52111987,30.81016713,22.85136492,32.42384903,41.03175672,15.79700822,8.492126901,13.8205583,9.361993843,16.61304953,18.71880951,11.02669212,13.08723238,5.800923481,10.51102292,12.42309926,7.278193806
200403,8.321358345,-0.594301269,1.678593107,2.842555088,2.229547168,6.939754006,7.797042697,-0.087862662,-1.012739522,9.131226144,8.582703048,1.539606272,0.363224955,-3.394945675,-6.580110655,-3.127009845,-3.549049705,6.100049099,4.982653477,5.236580758,-1.836316281,-0.60444982,-0.527797958,0.498105975,-4.501738461,7.571701406,6.39800255,8.458332106,5.502098731,-0.966927631
200406,3.689958028,2.41274519,-5.570584315,1.867622192,-1.587329171,6.170851952,2.432550638,2.784363551,5.404862325,-5.425039977,-0.485862272,5.574384836,5.333506202,6.081509156,5.91694217,12.68998113,-11.32899621,24.89918661,8.381684852,-0.310654053,-2.904246748,5.580242893,-0.649176559,7.049535912,8.702084005,3.982313933,-2.854213511,-4.314053462,-2.199075024,7.058336
200409,-5.37223143,-15.56214714,-3.1427703,-3.506414854,-2.932038389,-3.887389619,-2.02558368,-5.666729727,3.901528888,2.063038341,5.183863694,7.29392212,-2.792807528,-6.251660829,-4.971874789,1.555817102,17.32769443,1.576566157,11.20937442,6.246106197,1.33366017,-4.951112236,-13.38253011,-5.280676748,-1.97061736,-13.45562643,-1.382734308,4.5173547,0.939688134,2.206139675
200412,12.54266267,4.831966013,29.76507517,18.00646381,6.480585783,4.667980956,15.39128778,3.804779456,12.36380175,16.32662828,14.97564916,6.932392403,10.412133,15.96280592,8.604296218,4.814096156,-1.039120136,21.07248502,4.796213638,11.9936466,11.53415118,14.60175561,14.4616484,5.979282332,16.9705086,17.85855186,8.973237007,15.94529062,9.761373896,9.712609097
