Date,SMALL LoBM,ME1 BM2,ME1 BM3,ME1 BM4,SMALL HiBM,ME2 BM1,ME2 BM2,ME2 BM3,ME2 BM4,ME2 BM5,ME3 BM1,ME3 BM2,ME3 BM3,ME3 BM4,ME3 BM5,ME4 BM1,ME4 BM2,ME4 BM3,ME4 BM4,ME4 BM5,BIG LoBM,ME5 BM2,ME5 BM3,ME5 BM4,BIG HiBM
196303,14.79123515,5.9642486,8.104486535,11.55258135,17.17608028,3.136646561,5.039587232,6.334693005,9.793816495,12.47150156,2.323035251,5.938022066,5.378338345,9.931050681,12.21002764,4.071548099,5.277387052,7.934469883,12.12963705,10.42953815,5.635931173,5.260770085,5.975237831,11.13847907,9.696241514
196306,12.44037572,1.987142661,3.554003239,4.876657442,9.790358319,4.445538489,6.311403932,-0.568880782,7.273353162,8.922382427,4.620696038,5.379562333,3.795741382,5.442459802,10.27868927,4.528782288,3.502405392,4.140593792,8.23497979,10.12852624,4.721172385,2.796459432,7.101909975,4.670990699,14.29109152
196309,2.36518205,2.044869139,0.777662329,0.861948291,2.921653499,-0.625403696,3.305234838,2.818499361,1.158431036,3.828746628,-1.783936769,2.06837316,4.112931781,2.153315556,1.383312119,1.694807045,0.901194909,2.106858065,1.981234073,1.328998908,4.465868031,3.886263275,5.019086608,7.472844714,1.530990438
196312,-4.44555093,-5.783245701,-1.27091129,-2.576910324,0.236499798,-3.704353177,1.524012193,2.792226859,3.007575767,3.941672085,-0.386447905,0.514713933,3.064084741,3.022630063,0.309229853,-1.419892656,1.213383081,3.605539392,9.889176948,10.5780859,6.731828163,5.101395822,0.417389442,2.752024519,4.007693553
196403,7.581340334,7.436298122,8.9835528,8.133555624,12.68638163,2.099493149,4.35737144,9.961577486,9.516340544,17.39780315,-0.346272371,6.548687752,8.920047859,14.04268549,14.6075736,4.246076219,6.263371483,9.690292877,19.08046202,8.881111378,6.188276759,4.480606603,6.59733461,10.14581688,5.592917969
196406,-0.89664874,1.7911104,1.338643551,0.232294221,1.72249757,3.239768335,-2.107968068,5.239878566,1.348472697,5.336079389,-1.704712757,2.89140436,2.022613753,3.863704903,2.709559951,-0.664288401,4.400124476,4.222661998,3.38211448,4.889091694,3.293152019,4.741083267,2.392700352,4.745877322,8.443754556
196409,6.916541994,6.010128352,8.600324039,4.482755087,8.457561071,2.757882895,1.641916778,5.221975601,5.503992342,5.303274578,1.709468873,4.268490934,6.957285398,6.400216694,2.93255531,3.004625245,7.057453615,7.013683474,6.689268811,7.767488222,4.435536996,0.249182427,8.487272416,5.30699136,4.846958175
196412,0.005050163,-1.432521506,0.261545427,0.30441531,2.132355966,-0.771028006,2.30296308,2.516897216,-1.520153223,-1.468278721,4.989455852,4.861880103,1.327647573,-0.045183658,1.950490939,2.846274216,2.79314421,-0.979884348,1.351101009,-2.146740534,2.23791552,2.049209659,0.89932447,-2.024441697,-2.611417925
196503,11.82751632,9.868545091,11.09523629,13.22230967,16.16271682,13.60297175,8.754299615,10.55937639,11.1122283,10.96670503,8.986811038,11.08896603,9.819887363,10.70604446,11.35079299,7.484636949,7.401184941,8.901963137,8.955626082,11.69809468,3.511671227,-0.634910977,1.493680466,2.545599391,2.671015953
196506,-9.983615524,-8.597482874,-5.854068623,-4.68423253,-6.606466587,-9.247891552,-4.740664089,-6.2153373,-4.335153038,-5.655183869,-4.740012557,-6.083595996,-5.90399304,-6.280049021,-2.723575696,-4.78675593,-4.217351843,-4.76765588,-4.995444389,-9.652601155,-0.763232929,-0.873417136,-3.198777625,-2.11373705,-4.83782377
196509,8.671268021,16.17517481,10.33634301,10.36390427,11.85790476,17.29051616,9.290781667,11.40706713,13.63320206,11.7396028,12.45655478,14.50678575,13.04045802,13.87004007,15.98727482,10.93392375,11.2491566,11.09064856,8.917001562,14.60804986,8.953463094,3.664162377,8.054362147,8.739088361,11.07424642
196512,16.80259891,25.19496265,11.15470123,18.6046188,22.05647741,9.937891033,17.74342721,13.02068684,13.7712222,17.72689171,11.2164872,9.812503575,15.73638944,10.26692038,13.96673239,9.388120035,7.504777742,8.122341481,10.17239092,19.90199446,3.864011358,-1.791778447,5.659959951,5.96891359,6.128788211
196603,13.23409096,12.142566,7.893828831,13.70809438,14.68396758,10.18761476,9.281969253,4.650554639,1.286647162,8.445268229,2.191324043,-0.176629286,4.825106254,3.560342141,5.041966658,2.992253761,-0.956226192,2.145848446,2.296207978,4.836496982,-3.142799525,-6.209344605,-1.084259888,-1.143148231,-3.191814696
196606,-3.742123367,-9.567202802,-4.103397241,-3.101478675,-8.02050097,-6.058055561,-5.014960493,-5.461006249,-3.730394596,-0.94406242,-2.338211834,-3.770414488,-2.187240614,-6.974951659,-7.94122886,-2.057652745,-3.148613088,-3.478991846,-1.146007244,-10.52874968,-4.12097418,-3.515668394,-4.233236144,-2.404455653,-4.230626138
196609,-15.61495747,-13.70592378,-13.70027671,-12.74634963,-12.44525539,-17.06466987,-11.44358239,-12.05233081,-12.8283113,-14.24122176,-13.54596115,-14.39972804,-8.181507648,-10.83502898,-11.07897855,-11.09866162,-8.784825669,-10.92652693,-12.39682417,-11.89084752,-9.947288225,-9.20487116,-5.834013997,-5.07364182,-10.65214975
196612,3.935441711,1.273955264,2.49581883,2.099223481,2.359920194,6.823800441,5.760524305,7.543378718,4.546763053,3.186475106,10.71135585,12.06648828,4.891226595,13.19972293,1.882333774,12.18448638,8.776261311,7.049631577,9.69840879,4.740423978,5.789501782,7.718428099,7.988907845,4.606045097,5.235483304
196703,38.64607248,34.38422243,32.12989032,35.48151697,30.89924645,29.05432768,27.13423508,27.6713477,29.17469999,30.12487031,25.96960686,23.09476262,19.67919846,23.53256904,20.05991919,19.51657216,10.78787435,17.05869549,17.26177085,20.56664445,14.90634041,11.14121812,7.32947832,11.9217662,18.24679692
196706,23.89065924,14.80644174,15.50248579,15.54440143,13.39554017,12.31529926,11.85672869,12.90064546,10.69284452,5.618892085,7.804454794,10.8476424,5.284152849,10.50830111,4.258455053,7.528422765,4.798447081,5.592974615,9.2759006,8.408123462,2.278840926,-1.094614736,-2.383395129,2.602926844,1.073292926
196709,21.31672837,21.5248775,19.58988842,16.03623671,19.72920373,10.27120554,11.52857283,17.94762212,16.03893491,13.01947471,7.966847616,7.622675097,10.39416942,13.63635644,14.08582069,7.715584444,5.240571987,6.719057161,12.38476721,13.62322876,7.792635777,7.843939772,3.830799111,8.076274099,8.149398118
196712,13.900676,9.932818338,5.467378333,6.467804405,5.982973657,12.75285159,4.536574539,13.21840296,4.006473731,3.7180732,6.726703097,5.38558968,2.388086836,1.550955293,4.052204008,0.138045873,-2.54005086,-0.989258844,1.879712851,-2.441870663,3.034992526,-0.821142512,-0.347077146,-1.435020712,-3.846721422
196803,-8.685629567,-4.939610528,-2.579279867,-5.814273991,-0.062972138,-11.52095049,-9.903599856,-9.253395381,-3.743695134,-3.812150681,-11.57164257,-4.986823677,-6.053330686,-2.213822248,-2.21711595,-12.48918085,-3.490049144,-6.710775191,-4.87817327,-4.510433594,-6.295437975,-9.199790902,-1.817441444,-7.148962705,-3.77009771
196806,33.17340152,32.33235643,30.81123548,32.6917086,29.5845422,31.64604257,24.2147994,25.91861782,22.33613474,21.3093907,23.82962963,21.34844682,17.58797294,17.7886555,28.11393504,17.79494028,16.80912388,15.96254964,19.28349158,16.0021619,13.15918842,9.426072223,6.753556716,11.77276337,13.79741406
196809,6.529904879,9.502655711,7.943023786,8.611665539,12.29484971,-0.872327578,5.355477946,8.769257025,7.48931213,13.47448631,4.126931642,6.066339099,2.46556535,7.708517209,11.44444514,2.731869531,3.504025186,2.351878683,7.627049803,6.753280837,-2.287390931,4.98513699,6.5296189,6.962361211,12.71211936
196812,8.82039487,10.19221522,8.73494174,7.018712887,9.306114347,9.633096915,10.53200175,8.720291224,8.12043848,3.105824771,5.478899429,5.495252288,9.85501544,12.82254475,5.489981982,2.533211837,3.61075806,5.218393142,6.50336406,10.46968954,-1.160526236,0.577610677,4.304466654,4.706968135,1.812220378
196903,-10.11377134,-10.46266552,-7.629973407,-6.125727443,-7.850494873,-9.78669923,-7.543127695,-4.362534787,-5.584197154,-1.815269522,-10.34160018,-7.048938256,-5.757426291,-5.796720615,-4.378853,-6.000696751,-9.278166984,-2.602342543,-5.905902658,-4.282146443,-1.436781195,-0.729374565,-0.778230435,-3.09922147,-0.022125159
196906,-12.86071963,-12.64649432,-11.71237302,-9.706587039,-11.85225729,-12.56035134,-11.52080644,-9.06852039,-10.48649474,-6.322087707,-8.167489341,-9.176689268,-9.724543214,-6.595185736,-10.34268594,-4.574502588,-7.357159037,-5.573034232,-7.975486668,-9.14436414,1.575827823,-5.216888338,-5.747036776,-2.448745894,-7.114126805
196909,-11.27450073,-11.87214051,-11.1946634,-9.563167782,-8.688331227,-2.810473148,-4.859938181,-6.431164302,-4.295631905,-7.256473644,-1.114472174,-2.373617453,-1.499344261,-5.741749012,-5.957834943,3.239492124,-4.536833173,-5.066041954,-5.491542813,-8.700185842,2.186648067,-3.791709476,-5.171660215,-9.542216648,-8.206139794
196912,-4.102476256,-3.396435268,-3.61782939,-6.901630803,-9.845995438,2.90756946,-3.815925143,-4.419374863,-5.544487076,-4.830852375,0.698988837,0.244288539,-3.959266931,-0.074024821,-4.18676587,7.093655691,-1.289443279,2.767820261,-1.286239521,-4.990370713,5.494720671,-0.201404461,-0.915562633,-4.174371304,-3.579180975
197003,-9.000144162,-5.33781848,-2.491048558,0.899616169,2.919944816,-10.00518618,-6.744827429,0.491726995,4.059033554,5.859659364,-9.906257054,-4.628946214,-3.777801117,2.932279075,4.892946157,-7.994576477,-6.887534172,-0.21650696,2.973688712,2.869389388,-7.579020201,-2.214822941,2.996172226,-2.821707028,5.230879295
197006,-40.1392637,-33.41621445,-28.58407571,-26.48168972,-25.87597094,-39.37929196,-29.415327,-30.49538381,-24.1164697,-23.35576149,-35.03203231,-27.05743113,-29.87533369,-19.08366022,-23.47398844,-26.86698647,-27.12053211,-19.75319811,-19.09606901,-25.72093124,-22.91508516,-17.36534857,-16.7434219,-8.948499474,-18.89678886
197009,35.21279181,30.99912063,30.23371716,26.85093979,23.22098269,37.9886945,39.50631902,22.58926265,27.32028892,23.51091516,31.43534509,26.60785254,27.04761746,17.64610393,22.57462336,21.84588723,25.66240074,17.80298654,19.36462174,28.2940432,16.34988295,14.17840304,13.44084836,16.46300217,17.66786813
197012,-9.41270606,-2.774455315,-4.075651242,4.699039423,5.436761846,4.514412692,0.582859938,4.775637232,11.33746793,8.876326789,2.981066794,8.168515651,8.861927064,10.16648042,6.051304939,8.337423113,9.997103341,11.31461744,15.17679178,5.801290047,9.997652717,11.8581551,9.308325076,11.27328448,8.723117271
197103,34.86872879,27.94214087,33.10792941,25.55974528,26.72001958,21.14388196,22.95601399,22.4897065,17.29840053,15.66823363,24.41697284,21.28548378,17.97219273,12.67848118,15.86005627,16.64158803,16.97346451,10.27563599,14.80717885,19.43221232,12.76973228,7.710771166,9.010640923,4.986706189,7.966694546
197106,-6.27376139,-5.518986302,-7.43986878,-3.570392502,-6.931548794,2.138896506,-4.854937956,-2.318586251,-3.195781422,-1.18989677,-0.384807693,3.819359858,-1.998951638,-3.275230623,2.09312088,2.066096712,0.593186372,0.125585589,1.453615528,0.283896768,2.35926412,0.200208795,-3.82419609,-1.703616285,1.987432187
197109,-4.471175911,-2.027258958,-4.757719184,-2.371167664,-2.995723241,-0.549591899,0.811648004,-2.352896005,-2.455367791,-1.277285459,-0.885301531,0.633026996,-2.088164591,-0.099717751,0.793432177,5.094261413,-1.041032633,-1.899723061,-1.477838249,-2.387693975,1.547692162,-0.540035486,-6.065629371,-2.8226004,5.046929431
197112,2.041756118,0.331712646,-0.976558125,2.117575832,-0.714926242,4.317646938,5.637068617,7.595617766,3.482844493,2.276249046,2.981192979,1.302525039,6.057754126,2.218500913,1.461174601,8.905726379,4.337543292,3.652736301,2.699541949,1.218510374,5.81688477,4.682346011,4.789807822,3.460183191,4.860973667
197203,20.10355228,19.71770374,14.25734597,13.71041773,18.3402779,17.13778918,13.09762892,9.174261381,8.31357607,13.7622204,16.12868021,9.544799575,7.24218786,5.670152003,8.661978631,9.66222654,3.549381818,4.056891437,7.278791643,9.60160938,10.26535953,3.823325624,-3.317579168,-0.730678829,9.495692606
197206,-6.883009704,-6.313770515,-8.317386781,-4.104720807,-4.878175965,-5.183024963,-2.875503264,-1.35518383,-2.995238693,0.983898542,2.718009099,-4.278559201,-3.166842716,-5.066353345,-8.926137504,-1.429380694,-3.949911353,-3.694870999,-3.479278502,-4.020294671,3.623585216,-2.233487512,0.061060453,-1.201923658,-10.14972579
197209,-13.12434465,-11.89790523,-8.113173588,-7.064699426,-4.788342963,-9.074063946,-9.755546271,-3.245007276,-2.521741791,-2.459114043,-4.587046935,-1.962814731,-1.313827677,2.656090191,0.360487838,-5.354874007,-4.360886851,2.036463232,2.752471534,0.643053793,2.521514804,3.679788825,5.436653158,9.718721481,0.488386294
197212,-5.550671336,-1.917356623,-1.759226789,1.176979152,2.487816231,-0.39897178,1.752133719,9.099190034,1.524514705,4.510225564,1.228549485,2.805075143,7.320641624,7.149326944,4.947822806,5.525150773,6.214137362,7.120605337,7.935100709,5.142598568,6.354460757,7.687456708,8.356877362,10.6177574,11.97325475
197303,-26.2771534,-16.6695869,-13.70326114,-12.28578368,-8.979635896,-26.96092532,-15.25637384,-16.01706993,-10.51113329,-11.25705572,-21.663231,-18.87640285,-14.71396734,-8.317098818,-12.02583056,-17.79262764,-17.63774495,-11.73789065,-9.162723295,-5.460871382,-4.453537908,-7.981644964,-4.091920319,-3.525919211,-6.139412042
197306,-25.33571562,-23.19093183,-18.77596974,-16.07685014,-15.29877785,-29.17667268,-21.14280448,-15.35981335,-12.2325971,-14.91171436,-24.6070306,-16.82828218,-9.797364571,-7.24822198,-13.90434622,-21.19037033,-18.21898259,-8.115122018,-6.193755949,-12.37369556,-6.123628826,-4.845475174,-2.326125485,-4.600134224,-10.08328961
197309,25.73289938,20.61644901,12.57620814,15.16146757,12.84315523,31.17111061,17.16409593,18.02160135,8.579853793,16.32531969,28.82520363,15.66974624,12.93883294,8.454685077,18.08860232,23.38479729,20.80853378,16.84778557,9.628023224,20.23841134,1.540914829,10.88359924,4.509399344,8.108113182,13.71948906
197312,-29.78356075,-24.80394398,-21.24002382,-18.91786184,-20.46564746,-26.09477976,-26.63776084,-18.57765698,-15.83248745,-15.47900605,-27.00015263,-15.46108465,-14.96411519,-12.14186001,-12.93655345,-22.31219101,-15.59451289,-7.439654959,-9.939668824,-7.654886703,-12.14022654,-12.57024984,-4.060637014,-4.576913665,4.565026332
197403,10.05892849,12.50413308,15.22699835,14.17317978,22.54230757,3.178421023,15.41711519,8.740777598,11.60427865,18.91477135,0.643680114,3.578117297,6.806732337,6.500578962,13.02062345,-6.41731153,-0.853722249,0.410713994,6.471721885,6.726335262,-4.839351272,-1.16725329,-6.047508109,-0.026869069,-1.208905948
197406,-15.62210535,-15.9283206,-14.78098725,-14.0099036,-11.14859992,-17.51901206,-16.15589711,-15.29620497,-11.29755189,-11.11890392,-16.75949006,-18.17100768,-13.88292568,-16.39680927,-10.8758024,-14.95440438,-18.13425148,-13.50874071,-16.34087402,-12.76506673,-4.857361812,-10.15570921,-11.95287209,-11.11893855,-11.4335896
197409,-28.1632306,-20.55348562,-18.30520258,-17.90621304,-18.2747076,-26.36997587,-20.49084656,-17.52824496,-17.99243952,-14.69331684,-27.80869348,-20.30161782,-14.93735375,-14.00436606,-12.03679049,-28.93809809,-20.32319251,-14.92467707,-13.37799632,-14.46847046,-31.67653055,-20.1838764,-12.50681843,-16.07394223,-19.05013048
197412,2.010371281,-6.955563461,-5.855728193,-5.393530825,-8.019363024,3.098147715,-0.840285857,-2.79592052,-4.854810655,-6.580866242,7.038596249,1.579390103,-0.460225582,-1.256696649,0.238509009,13.44747929,9.757162001,5.493198157,3.330962148,-6.874863021,12.26480508,10.58093067,10.29897026,6.887616338,-1.022501543
197503,47.29604742,50.89908621,44.25356334,42.68621263,54.12871907,41.48551246,43.65106769,37.46925973,40.1757703,43.27110202,35.26332343,37.82417922,30.17214043,38.63091578,42.41277893,30.32489111,31.3017682,33.14023929,35.27782671,36.66464165,22.97603847,18.8954308,16.67521212,29.86355339,18.79671339
197506,26.47226005,27.28957601,21.41505114,20.82805246,18.78198589,30.64574773,19.99606006,17.50402357,18.58796395,15.52515581,17.48012572,19.691672,17.36803134,19.19926504,9.523033788,21.13701886,17.90698175,15.77915269,22.16989533,18.9739855,14.83554679,21.85566744,10.77030024,12.10320895,13.89777098
197509,-13.32773635,-8.436311217,-9.639895977,-8.442241013,-11.77350831,-10.61796554,-10.98616997,-10.72703121,-10.80109552,-16.43721749,-13.85470403,-9.277514253,-10.55012001,-11.58372749,-14.85253531,-15.38559189,-12.53768404,-10.45005606,-9.821650951,-11.60627894,-14.07496796,-7.141155933,-8.436824329,-7.718112803,-10.98477177
197512,0.665110384,2.085479572,3.59208783,4.249190271,3.254766058,-0.594880113,6.09397676,4.252463647,7.342746477,6.714572493,3.070149293,6.057527714,9.209254373,9.13470122,4.587334199,6.539548581,10.82903177,10.88973104,12.95291566,12.50608473,7.805026874,8.946112152,7.983755147,10.40219436,14.47126408
197603,31.79768725,28.50435081,36.69982217,38.64191017,49.30768047,22.96678106,24.81538858,25.56079379,32.92925916,44.6806436,21.92689895,20.43851368,25.69934194,29.93011228,41.18818701,14.60344513,19.75566118,22.70647261,27.10426095,36.08714264,11.67838003,15.02169859,16.80208524,19.41127472,24.75917266
197606,0.802096327,-0.254540316,-2.266371758,-1.625044432,-4.438726895,0.372513295,-0.62309449,2.100226545,-0.222669678,-0.0681618,1.111463303,3.897866816,4.251191295,1.80434297,4.265610608,0.447183487,2.282892372,5.374958085,2.035558811,1.257256288,1.01679387,4.867645604,6.566379104,4.331447584,5.559717847
197609,-3.304382403,-1.516050926,0.595562374,0.45108888,1.485687742,-1.3079056,1.910219163,2.673754506,2.436437424,1.873648686,-0.915840934,0.814584118,2.085983375,3.339239933,-3.050195562,-2.072920505,3.18418386,5.045887069,3.200710689,3.156968505,-0.243382396,5.037976379,5.461168319,2.286225172,3.086876335
197612,13.89843439,11.32924849,9.885576185,11.84411427,10.4606346,9.423677476,9.46701504,9.903976026,12.57949069,15.55853758,6.20378362,13.00694891,10.60270403,11.77146159,11.70614919,8.145096464,8.792636447,9.75812669,9.676835748,8.078073365,-0.341485116,4.753707624,7.106844674,6.166347562,7.773999982
197703,2.424552315,4.384172874,3.707488815,5.69873147,7.607812699,-1.565897984,0.485616077,0.859861217,1.820804659,1.059744934,-6.289886342,0.19701997,-1.61474049,1.663301736,-2.674906394,-9.027711132,-4.272466819,-3.772605191,-1.211057707,4.255728587,-10.36567717,-8.220359496,-2.953083518,-4.684103881,-0.86399223
197706,5.232727847,6.523461212,9.477799956,8.5896285,11.40618647,10.8873387,6.247366729,6.951601862,9.608048169,9.663327993,8.418007093,7.334431497,8.920548188,8.102894606,9.0220854,5.271695861,6.357344653,7.626739579,6.66294118,7.653225522,1.173611792,5.332319233,5.190724193,7.054115695,4.846691794
197709,4.567510551,2.906580156,1.498504823,1.115316841,0.849660136,0.612952048,0.084063223,-0.461891114,0.109408648,-2.615787061,4.05881468,0.220266941,-0.755243046,-1.5780198,-1.738430617,-1.474229512,-4.118012171,-1.821560603,-2.689609853,-8.932389072,-0.883544508,-6.91637204,-1.619738955,-4.474025137,-8.974126729
197712,9.511486246,9.450077394,8.7395545,8.048682553,8.625020247,5.82528393,8.756607567,5.032034038,7.811766402,8.242530328,4.75027396,6.045792132,5.245493442,4.592921839,7.01772783,3.466125459,3.656141102,3.055970197,2.557069814,1.322328452,-0.933465959,0.148313196,-1.030545648,0.777368803,2.286516831
197803,10.54495323,7.072135381,10.6973965,9.102289075,12.30950573,2.112717091,1.437817977,5.875076174,6.739684013,5.584807133,-1.239182085,1.858000148,1.877884638,1.717027024,8.882281448,-2.600569548,-2.245466317,-1.870895419,1.450006119,0.742905924,-8.054910466,-5.027114767,-0.216801129,-3.208015843,-3.270629476
197806,20.50214552,16.73745866,17.83904211,14.3030002,17.46988543,16.46987702,12.39357179,14.23965758,15.36501434,12.16012537,16.08317541,13.12183973,13.95330771,8.165912554,12.19785284,12.55098061,10.84207222,6.911974667,8.392835932,11.9145801,12.04387764,6.726239155,2.575114781,4.268481292,6.498346918
197809,16.02329134,16.24728374,13.1394772,13.01447753,15.66703079,15.58877645,11.97870981,12.94794927,14.049336,15.34716729,11.41705072,12.91215809,9.9705967,9.0322994,13.08831713,10.65538863,9.822472715,11.61554767,10.0815836,11.99795512,6.660909046,8.737183757,10.27693777,7.745990829,5.943857152
197812,-17.52515909,-14.89946749,-14.57481553,-14.14425024,-17.50439072,-13.7798049,-11.39609557,-13.39022882,-10.17228576,-12.69416828,-10.94088495,-13.22393585,-9.915961837,-10.52138446,-14.54543343,-10.88930471,-9.672565144,-9.629715157,-9.294745776,-12.33366362,-2.729084261,-5.861987988,-3.235874229,-5.76182093,-10.38273727
197903,19.54720228,16.256699,14.07354449,15.21226099,19.59447472,18.4736065,14.34106793,13.85663977,11.33913858,16.69280494,12.46900762,14.87985551,11.8287254,15.04567148,22.74089899,8.939932421,9.576401177,10.00532909,13.26921836,11.75983884,2.981893791,9.024624779,6.801146819,9.791081881,11.26952441
197906,6.305754481,7.704163545,5.327810507,7.256169115,7.706521071,6.653420781,7.082605647,5.989737149,8.457630221,10.19998152,1.38928417,3.315881733,7.451027908,9.022826257,8.681471535,6.989966373,6.552579614,6.315379082,7.095110196,6.889217146,0.040810881,4.71066088,3.284756544,6.156049802,0.512465406
197909,11.29163476,11.65066603,7.200064001,9.905926067,9.274780323,11.50812647,11.99044286,8.650968176,9.825605889,9.146711429,14.13071477,12.17715393,8.975244254,5.018356515,10.16925673,9.758273091,9.815158431,9.810509373,5.380584995,9.35214395,3.902143865,9.802875827,7.752898806,7.523312701,9.701836103
197912,10.05701933,6.064107296,-0.011513732,1.341271986,-0.899051977,9.963097948,2.377752576,-0.470048582,-1.722758583,-0.086752718,8.346084694,1.361317237,-1.662516856,1.103590838,-0.346201332,6.176500506,3.327584427,0.892496141,-2.767795771,-1.270787525,0.373110158,4.839669972,-1.530821715,0.396819734,-4.109612517
198003,-11.55010329,-11.40436402,-11.94375303,-10.01829939,-10.45899452,-14.80601756,-10.48941102,-14.02777201,-14.79645241,-10.88978752,-12.39757571,-12.40619094,-14.34074686,-11.68584944,-13.94160424,-7.715686926,-9.479370636,-10.15230661,-14.68940663,-11.4937248,-7.396050836,-3.836338895,-0.553146694,-2.811754924,-1.58436721
198006,19.43318437,17.38983433,18.61251523,16.81411178,20.28117573,20.88341774,23.56854435,18.15198476,23.31051997,16.41734056,20.56164005,20.73469693,21.25280266,23.75476927,18.19376628,19.25857523,19.53441959,23.1279194,20.28285097,21.904696,10.49703769,13.3651756,13.20362526,17.65127037,9.44899676
198009,33.31594305,26.04318407,21.73277644,17.78465856,18.01101678,29.56587676,24.19636826,18.40424021,11.92248146,12.55356173,27.81810192,17.6649303,15.28103296,8.958115323,6.54684745,22.9526183,16.93484275,12.33161286,3.369320016,5.591441071,16.99250169,13.22734217,8.158915711,4.168994425,5.268740681
198012,17.1483903,5.82894542,6.68884058,1.30635403,0.345379944,14.98936873,7.07406744,3.399846953,8.593176491,3.601258688,10.15868515,6.148316677,6.341064787,2.552026623,3.880140435,11.66130055,12.17046756,2.926677075,2.106244072,0.352141989,11.32654938,12.46604713,17.82623082,1.689698959,4.387128114
198103,-0.978148576,9.343345774,11.49032011,13.75363602,13.53512306,2.23267876,9.595557584,11.55416382,13.29422974,15.42135272,5.333266769,8.492055148,10.37758433,11.24297393,11.7848259,3.053813647,5.706039389,13.03963322,9.374910318,13.25317442,-0.10976064,-2.698549094,-7.63935685,7.113742378,10.118504
198106,0.477552135,9.5684973,9.563734272,10.41963416,9.629118271,0.361685193,5.373350687,5.728977507,3.956130931,8.133040829,-0.981313019,7.226805257,3.968051628,4.653955128,7.341641616,-1.76338243,-0.790980361,3.306765524,4.040722084,4.558648644,-5.496789144,-5.30338272,-1.699100834,5.301350418,-1.678261662
198109,-27.95359726,-19.12808931,-16.58850525,-13.73669729,-13.00252331,-21.61229426,-17.35929927,-11.48755655,-9.584913148,-12.63150673,-18.09485617,-13.34462311,-13.80649756,-9.96821919,-7.521053561,-13.79856747,-14.57357906,-12.2811444,-11.16254735,-10.50670129,-10.60935153,-9.788589762,-13.17575159,-9.579347009,0.688429421
198112,4.614141818,8.327927649,12.04256294,9.335970437,7.987439563,10.86869233,12.06049796,9.660525551,11.26250743,10.17093447,9.313469613,5.736046735,10.75609237,6.711840998,6.527868582,10.55505671,10.08689556,6.258975345,8.722743178,6.031381548,8.503238841,9.945772529,4.079232772,3.640539634,6.803470806
198203,-12.45810978,-4.972464288,-5.759038637,-4.427569837,-1.037821244,-15.7116059,-7.167623298,-9.418767546,-2.215191271,1.588200514,-15.88337339,-5.750086189,-5.073670502,-5.616087255,4.776234931,-15.68111306,-11.83051653,-7.148967061,-1.536207194,0.019867575,-10.88338798,-10.54116293,-6.577344868,0.088272667,-0.558734695
198206,-1.454328632,1.318871362,2.333711348,2.897911038,2.479913674,-1.793151133,1.312305863,1.301312523,1.848947195,0.812600955,-1.682563592,2.967418179,0.586392189,1.49772159,1.662495903,-3.5421045,-2.706809332,-0.13038912,-1.748509454,2.623193421,-0.571975058,0.986743146,0.174500114,-1.454319848,-3.575395532
198209,3.123041393,7.111590442,13.23942263,8.334319273,9.779381769,7.134484336,12.49647166,15.06697156,13.73533704,13.47215993,12.23043777,16.80960299,13.64820577,11.94846051,11.57555911,13.57806524,10.63409212,15.52995051,11.7033796,10.77353106,13.82685256,9.829689499,9.279198801,11.36265546,10.58420243
198212,31.62508533,28.25496512,29.00887173,27.36238349,26.28099855,28.14290703,25.64209394,23.8607505,19.22520116,22.02956003,28.03944199,24.00961148,19.02914368,20.02367109,25.60044248,25.02566423,23.0902878,20.28612938,18.99689589,24.2694574,22.40264284,15.65858281,13.05967128,15.0526086,14.1023762
198303,20.4361076,19.95547719,25.45457958,22.56234634,25.54589962,15.67512128,17.89056111,19.13891752,18.71961659,15.73183605,14.27492501,14.9587047,15.0270111,16.07437305,14.44758106,10.92354331,9.264092166,10.37382813,11.74449769,12.13696914,8.009650087,9.916792808,11.49731634,11.00988049,7.165162189
198306,25.16647419,26.57545003,22.28196095,22.31953427,22.66352527,21.67571626,21.45413353,16.20698218,14.36969737,17.98666626,18.08945998,19.24510736,15.23109342,10.21955955,9.722390616,17.09516508,16.83572539,17.38561254,7.499809135,9.347154897,11.76237422,9.293280313,11.28428552,9.054431597,9.197110495
198309,-14.51177841,-5.898188576,-2.58704365,-1.367347387,1.220104222,-11.22807271,-6.475412268,0.180063117,5.41615401,5.415895479,-8.136068094,-3.460932513,4.030717482,5.060141172,10.36724463,-3.746924597,-3.571459248,-1.918162255,4.654889055,4.645071699,-2.754895837,-4.406980858,-1.085239311,2.70412878,4.832065081
198312,-12.06334844,-4.075544187,-2.37252648,-1.262183322,2.083909647,-7.944731198,-3.658017258,0.565995572,3.270403546,1.596391097,-5.71137837,-1.632317016,1.512727705,2.300271667,3.461140286,-5.194860754,-0.670158156,-0.329551773,1.239157632,2.812722315,-1.366183929,0.782103226,0.306500657,0.553245615,0.483608776
198403,-10.3505521,-6.363172266,-4.837282398,-1.50970578,0.536001077,-13.28913376,-6.096533255,-3.311425034,-1.77511279,1.589087776,-12.77208003,-10.13888815,-4.803825557,-3.019710853,0.779833969,-12.39457194,-8.301700133,-4.605639065,-2.081792885,-0.194731969,-7.62141084,-3.939115654,-3.358247008,1.280191648,6.137108532
198406,-9.030005807,-3.277838694,-3.537232274,-1.95022903,-3.268242799,-3.618486749,0.987805773,-2.559102244,-1.189542432,-4.165412437,0.157264768,0.238887648,-4.785720913,-3.723608386,-6.844970381,0.452174415,-0.105054745,-4.011336083,-5.897756377,-6.940979006,-0.507162686,1.4369002,-2.989097522,-3.797448585,1.363795908
198409,0.772639126,4.240572245,4.453415953,6.56201307,8.85629798,3.622345568,4.601178589,10.53635324,6.784862502,9.679005051,6.662633649,11.37833964,9.346113143,11.14653289,12.03990283,7.221984446,6.001465988,10.32364882,7.665159473,14.33219084,8.025856296,6.75747777,10.16675718,9.885692306,13.44596458
198412,-8.854172874,-4.493892232,-2.453577711,-2.658381026,-1.463254268,-6.860296186,-1.64227535,1.041551382,3.511852215,4.882297894,-1.601201026,3.599654186,3.848279225,1.092571899,5.624065082,-0.748718365,1.384225197,1.904436753,3.717507414,7.420077789,0.939038222,4.27110185,2.58086375,1.825696222,1.040279982
198503,17.18148938,16.61313436,12.63780393,11.73837844,12.24648337,13.64763643,12.52148958,11.10713411,12.46808053,13.12694436,11.17475081,9.920897443,9.081547271,11.86956675,11.2824364,12.15438956,8.966210523,10.71388576,11.94844974,12.28147826,8.029895986,12.00089965,8.829724041,10.87127744,8.774448765
198506,0.837519492,2.624389339,4.825740574,4.504738242,3.458558928,1.462140267,5.154353074,5.234146521,11.80990329,7.314027437,7.602415824,6.06877364,7.134489834,10.36427329,9.320968881,7.447370698,4.053302286,8.59090553,9.028364078,8.598983111,4.619542347,7.95430116,8.9345071,7.118817657,10.27166248
198509,-7.353733276,-3.877655482,-3.31802989,-2.175930071,-2.935381912,-6.528251569,-3.809567245,2.391002678,-3.532457025,-4.927741007,-8.055356235,-2.363881537,-2.070533794,-3.295478385,-0.771848096,-7.060425723,-3.994830018,-2.616206646,-8.568341663,-3.983292119,-4.873412537,-2.778978986,-4.242390871,-4.346372476,-5.54553135
198512,10.0804505,13.90505877,14.71870074,12.96663816,10.38089434,19.38417736,16.29079902,18.33580933,17.72183288,9.796003334,18.36759482,16.93378228,13.22359254,12.0248247,15.43483283,19.05275888,17.60426909,16.07968325,16.83600609,17.13285985,21.91875801,17.17377873,18.48266081,13.44973037,16.12180243
198603,15.23695424,14.90669629,14.29471636,15.50600524,15.33489121,12.82716773,14.54504231,14.51329297,15.38240573,13.4091573,14.2490936,20.34211903,15.08097682,16.21676219,16.04629152,15.32159823,15.68914845,16.19898521,14.63190275,16.64191225,14.4169914,19.77484348,16.33994155,10.01215756,13.58589286
198606,7.096707705,4.332482674,5.152460995,5.300911862,6.986648518,6.267257875,4.790790762,8.093979081,6.891405709,3.401857472,9.759679372,5.790638312,9.274271661,7.183678701,4.229106789,9.949510817,4.682762353,3.876957594,5.627301653,0.734772541,7.774603047,7.463451727,2.302085854,4.338914799,5.781742219
198609,-17.01597721,-14.22542331,-11.45739486,-8.566155615,-10.0271552,-17.40985034,-11.97331621,-9.616688355,-1.894809781,-8.33665365,-13.26834734,-12.2428917,-6.967783611,-3.961688576,-2.701905344,-13.60851254,-7.238042942,-7.356634319,-1.65073917,-1.623826132,-12.84580453,-10.76127919,-6.871501814,-1.211999898,0.925126681
198612,-5.819654553,0.778390747,-1.181626252,1.271492395,-1.09658782,3.372671776,2.481650969,-0.480044859,-2.844768707,2.166121461,3.073109016,0.822143059,-3.716688613,1.381638136,1.630776241,2.102282463,4.671728132,4.430130708,2.339169298,1.948577518,5.964510322,6.301772631,4.669647357,4.239465677,4.640889677
198703,25.63945018,23.00480289,22.18729313,21.8933885,22.20062374,25.25281354,26.9176404,19.45602496,19.88810632,21.02909703,24.27954292,24.56901705,15.61703249,17.62962452,17.91616489,24.70674986,22.13314547,19.71760751,18.00583773,13.07203324,24.54702977,26.28609335,15.02992001,15.42343609,16.03950939
198706,-2.725768599,-2.34728303,0.5373043,1.991236879,6.143093738,-3.23140899,0.540515545,0.552992232,-0.517795192,-0.299937789,0.991920364,-0.106303929,0.277313978,3.603320196,0.216555141,2.929174557,1.185015233,1.333864118,1.415123849,2.904616931,5.286033972,3.629980099,3.799528477,5.222173322,5.300745421
198709,-0.312799389,4.00051454,3.808557206,5.021973676,4.77315681,2.828053872,3.054960759,7.193305289,5.25372239,7.04691702,3.056410821,5.55411103,6.303297716,4.729679839,7.338565087,6.278100089,7.97833859,5.735036777,5.792965257,7.151539132,8.764374972,4.159896084,10.17763275,5.328111927,2.742664025
198712,-38.0712741,-31.11987924,-28.39630354,-28.82798791,-29.08639206,-30.20140769,-28.54273377,-26.05758963,-22.88016599,-27.34435858,-26.24932883,-24.2934508,-21.92477406,-22.06755494,-24.03174845,-22.0399384,-25.7796031,-23.14330371,-18.87437062,-22.61491644,-23.27915767,-23.67576455,-22.47786752,-18.80505067,-20.42597497
198803,16.78148264,22.82908379,18.71966265,18.70068478,20.22025056,13.03074933,22.91197553,18.61224168,16.1624112,20.61830452,13.35064861,13.23874405,12.83196898,15.44769183,13.48169379,7.888801133,15.35315813,10.77656842,11.52880796,17.88382896,2.055701181,2.769254606,5.986542519,6.662584225,10.69825175
198806,3.762706927,5.205086802,7.904338763,5.151578169,8.154085274,4.827746653,13.47572583,8.579407071,5.92588255,10.23498138,4.96937739,5.706512938,7.090952058,7.963491227,8.552677568,6.75683834,6.971210328,7.230875609,5.497479158,10.65612078,3.453765881,8.234168674,6.761216546,7.826776719,8.218986292
198809,-3.805873949,-0.080994214,0.932173525,1.321791093,-0.403913938,-3.882501696,-3.841908026,0.7048604,2.995626593,2.443393953,-4.705693406,-2.126561983,-1.028768037,1.356910366,1.851497268,-2.710363147,-5.427845599,3.375195308,0.84066242,6.408816069,1.907079012,-1.19785345,0.260470073,2.647254426,1.690844382
198812,-5.927172826,-2.599431707,-1.339361843,-1.11330207,-2.761278234,-1.925922442,0.156999097,2.095196245,1.716701013,0.112498373,-0.12646289,1.503003131,0.676924591,2.428626435,3.876432282,0.048315878,1.340034431,-1.261809716,1.365610351,0.689724617,2.547919979,6.544084022,1.333996683,2.462289381,5.144984777
198903,5.60783107,9.30502978,10.34867142,8.328778985,10.81146999,6.413729729,10.28212702,8.404634371,6.318997217,12.47701036,7.094426288,7.549217302,7.114255583,8.935167216,7.938108327,4.042593596,7.285380422,8.26678828,7.343671997,13.23996256,7.655237944,4.343171533,7.670235591,7.658130307,6.72051283
198906,2.932917989,7.05367966,3.171382079,6.998967329,7.103325796,4.211659547,6.800544303,9.012990078,5.620596208,7.935481331,7.529289528,8.046449072,7.140578915,8.860554497,10.21455658,8.701425393,6.890888589,7.702696929,12.21047175,15.7514754,10.50971555,8.194640952,8.162483002,8.256041174,7.970147077
198909,6.295263523,4.114631414,2.531059918,6.697964668,2.860309216,12.02372469,7.935332328,7.141056461,8.553459213,4.733425469,9.784987663,6.849510371,7.215077056,7.875274899,4.314570363,12.52054848,9.524840392,5.930124695,8.979180965,8.528270933,12.71730363,11.13720604,10.29657955,10.36795001,9.258134641
198912,-6.546249496,-6.269020743,-6.450932191,-5.094145156,-9.495633211,-3.3510495,-5.852515634,-3.651081904,-3.347437773,-8.457720012,-2.580005769,-3.696232464,-7.521629908,-2.704472268,-3.314420878,1.72109749,0.664271282,-5.966277742,-1.068680759,-1.507775799,2.808105068,-0.261230426,4.24550734,2.922608716,2.049841725
199003,-2.308545497,-3.021462928,-1.400615528,-0.140619445,-3.268009519,-1.942606468,-1.814046662,-0.047475145,-1.73911219,-5.512660932,-1.54005783,-3.360171905,-3.041227884,-4.602359845,-5.503379516,-1.781396087,-0.949910622,-4.630608407,-5.65659403,-7.094295953,-4.066479744,-0.349969624,-4.604849905,-5.361714466,-2.896898609
199006,6.508466354,6.618746789,6.473242834,2.182621925,-0.431800731,6.388168953,5.57718534,2.506217186,2.396472777,-2.78783948,8.770373981,7.191039725,3.178498803,-2.858931043,0.287674144,8.042577621,2.183990486,1.364375677,-0.273273741,1.818631649,15.937239,7.13412987,0.9788697,-1.500658135,3.100290455
199009,-28.92931517,-26.32258563,-21.66987202,-19.97562606,-23.79570253,-27.30132143,-25.47883837,-23.37951244,-18.6961864,-21.76343044,-25.48492679,-20.81452774,-19.74375024,-20.13710564,-21.5418667,-16.79788693,-18.77615672,-22.22507482,-17.42772028,-18.00509162,-14.0922847,-15.97451125,-5.867857884,-16.55991751,-18.89466889
199012,-2.747600337,-1.838843631,-1.921211132,-1.154083814,-6.07391742,9.503829616,5.425723131,6.855433372,6.529415688,0.764542822,12.81144634,8.43820729,7.004813378,8.086736905,5.824533223,12.61848964,8.837721316,7.42748816,11.53360262,8.480070013,11.65426863,9.748687131,6.51502327,9.27413876,6.177669618
199103,35.81818576,30.69349134,34.75524433,29.79972821,34.32433257,32.97955634,23.97421188,24.46873292,22.53872737,31.899917,28.77661609,24.18856656,17.50432077,23.09545632,19.14607906,23.28648247,18.00931795,22.18970257,16.74569281,14.90945753,18.83703861,15.61794326,7.221437068,14.38127444,13.57176569
199106,-3.931476257,0.991014658,1.69289048,-0.412737095,-0.203423152,-1.370618374,-1.564195597,3.057525283,2.09464325,-0.817567975,-4.033538779,1.174218438,4.20957778,4.628500658,-3.180761882,0.281167626,-1.663764704,4.009807347,2.700119088,1.510559443,-0.50580011,-0.828612395,-2.114415605,0.23723641,2.497520733
199109,11.07082835,11.2207566,5.779058814,4.640296077,4.030216149,9.118235799,7.954667588,9.20881915,8.534995455,3.379781653,11.64803347,8.000324307,6.034814377,7.837432016,9.607027107,7.088976086,4.682898165,4.642839137,8.402579521,9.31735873,8.654225269,2.389682283,6.708422298,6.345340451,-2.348514126
199112,11.76571997,4.370017365,2.403207421,4.97763854,3.231396178,8.31312935,2.79808988,5.826654415,1.131391805,2.473626825,13.76793151,7.099084474,4.205166641,7.629457255,8.773104698,13.4005714,4.105452571,7.004565845,8.192079873,7.64595615,15.54639202,3.906454614,4.371813922,5.989115009,5.013676774
199203,6.757783732,15.70363772,8.882964968,20.29216493,26.35123167,-0.449534001,5.317455965,6.231811623,11.95191873,15.08280451,-3.558220121,4.203465919,8.719262007,8.744555063,16.564043,-6.306962039,4.239760185,1.183282076,1.886951964,8.948800705,-5.715832328,-4.264282562,-0.404774075,2.990525614,18.82688426
199206,-19.63646537,-8.332390829,-9.859984996,-10.08509052,-5.420805641,-11.72594251,-8.428462131,-3.624163517,-4.379196199,2.66543887,-10.22088554,-6.135394928,-1.558225518,-0.353943955,6.205950476,-3.72341042,-2.664285358,1.821539096,4.684057028,2.825093246,-2.063825625,5.993839618,3.16603412,2.720231,13.13628171
199209,-3.478854131,-0.407851091,1.765115774,2.539013619,0.553939598,0.25442373,2.054307137,6.575237353,6.245403488,1.756902019,4.154110876,5.601351939,3.55476347,3.864178036,2.353788746,4.23511898,4.912725339,3.071295768,4.031870949,-2.064869796,5.058565684,3.871920431,5.030189649,-0.497747643,-8.918758192
199212,15.04481051,16.41486086,16.13010963,15.2438684,14.71427693,16.50827903,15.32185864,12.94806752,12.34349312,14.95872064,19.96241168,16.85287402,10.63855326,11.89560943,10.49094167,13.86174836,7.771116748,9.465007229,9.429511061,13.98117941,5.077629936,9.911998117,2.022194034,1.011475356,11.4641499
199303,-4.575031452,2.119159751,5.409953323,7.926047012,14.55083013,-7.726429983,0.921923214,8.236933495,9.763965552,13.79454464,-5.531675968,7.076713446,9.679171369,6.765825832,14.7074992,-1.403136819,8.433094123,8.708685414,9.253507978,9.199387663,-4.670819022,6.923552006,9.420550729,9.14909002,15.42554644
199306,-0.437390165,0.24053836,0.741545317,-0.050356602,5.472282239,3.130732982,2.029095997,2.267199951,-0.436744979,2.011610499,2.254487505,4.048895501,1.979483469,2.839593126,1.754180669,2.430727402,2.036775723,2.45018236,0.699393933,4.613536997,-5.396486563,3.174272531,2.875814705,1.944985199,5.483221856
199309,4.659375563,7.003453461,7.73171404,8.72687643,10.16306731,7.273723639,10.17809492,8.570921136,10.84625499,7.68027952,7.942420106,5.883712294,5.919455299,7.16164929,2.831084624,3.842861067,7.071430876,6.220731736,4.935018483,4.957128924,-0.78863164,0.715592074,5.089108723,8.385729141,-0.402882657
199312,1.694821873,2.605398953,4.255384346,3.488216227,3.617126132,3.308286489,3.301816878,2.683879727,-1.8720301,0.826465858,3.277244257,2.20649276,3.085581397,0.124040369,5.981785518,5.192772485,2.860104148,0.931046078,-1.019326698,-2.873299449,5.728393958,1.160477821,-2.459625481,-2.829453905,12.32614416
199403,-8.159371789,2.427012059,0.438918452,0.000079814,2.800748201,-6.324408857,-3.150069564,-3.056029613,-2.699715373,-2.82455799,-4.74637134,-1.103936253,-2.319676105,-3.796324976,-0.532720713,-3.951896607,-1.981630715,-2.401636887,-2.816045489,-4.656674271,-5.220603657,-2.184132226,-1.593619169,-6.709052216,-3.759209563
199406,-12.24761285,-6.861298973,-6.321858841,-3.224354833,-1.595938983,-8.602321095,-4.465636912,-0.36364918,0.258175967,2.129006418,-7.962387913,-1.945758463,1.274673941,-1.30909623,-0.264827658,-5.617751632,-1.878907,-0.226528601,-0.722463608,-4.534120716,0.056784465,-0.369080822,2.722762391,0.149239097,-0.371972115
199409,5.100707598,5.977264452,5.363893933,5.475072394,5.304072846,12.12609543,8.42925146,5.201390086,5.899679662,6.489832056,14.40774849,4.216912578,5.382088735,3.687130343,9.077764735,9.802470627,5.418843768,3.784146193,4.392513448,7.722018903,8.464813672,2.137661131,3.08270645,4.375912578,-1.73013545
199412,-8.313117285,-2.535916329,-3.98724987,-1.107702765,-3.484409094,0.674398563,-1.721759416,-2.007711147,-2.374913531,-7.383867752,-0.881058203,-0.915217861,-2.105476646,-1.824824832,-2.604526351,-0.64540627,-1.518594197,-3.849484225,-3.041111179,-7.556761124,1.897371418,-1.057182628,1.689606611,-1.705606679,-1.713408663
199503,4.883275302,7.85271688,6.530475929,4.625362306,6.97060122,5.970005383,4.705931255,6.204684158,5.133277138,7.694395149,7.594206164,5.296035494,4.44218266,6.03643227,7.131522664,8.00449165,10.26030456,8.412177124,9.767508621,8.278123875,9.423585983,11.57494767,9.758802997,9.01718241,10.04085414
199506,11.46432123,14.45809416,9.978708084,8.117503035,13.4464491,11.34194573,6.758520099,9.520105248,10.93681781,10.6199991,9.038618737,2.634232355,9.177078796,10.10221165,7.603517444,10.17980316,7.508533912,7.528872981,7.602069672,11.43152009,10.62079746,7.310623732,7.985107013,11.35820119,13.16190999
199509,15.12929109,14.46554853,12.27271357,10.83036276,11.92771255,11.76155273,9.759446552,7.702182254,12.37671965,8.692336565,11.67064188,6.321943872,8.659862026,10.59327467,8.969994311,12.77902927,9.047793292,7.589285994,8.849720356,8.061759445,8.972807655,8.375697376,6.239942618,11.33284365,11.56247163
199512,-2.156203808,-0.927773925,-2.624614635,1.290424074,-0.091069342,0.053793146,0.785148685,1.285798609,3.384553872,3.558978127,5.168377626,1.215027459,4.043105135,4.045872221,3.415816612,0.672748065,-0.190624341,3.129457907,5.732203873,2.217332869,5.765067149,5.726039738,8.652093766,4.813514724,4.109283151
199603,8.557180116,5.695174617,7.050595959,8.452713054,6.653725612,6.996451666,6.016903131,3.463503224,3.489607828,6.886130686,5.790039549,6.085272229,5.62457338,7.010541793,4.102178844,8.1119263,4.26595722,5.466815743,3.242328817,3.74763143,4.643594701,5.996548215,5.698496325,7.248399901,8.579753419
199606,8.573016897,9.304101205,12.48767126,9.629685993,8.359768159,9.545333132,7.732270515,5.188481865,8.568979194,8.079461322,1.606978233,5.245459082,2.259985592,3.026783081,0.067315124,5.051431363,2.84961853,3.247338093,2.386553336,-1.006360377,7.591496927,3.946808638,2.327244821,0.902065468,0.346316472
199609,-8.150757137,-3.167755839,-1.731661749,2.520681268,0.841657958,-3.706671971,-0.85463135,-2.531926499,3.264358229,2.880605648,2.782429319,3.480866819,3.765988592,2.478039877,0.39402821,1.785795094,4.945096253,2.614842813,4.536294612,2.726903366,3.211401411,1.937445793,6.047714289,1.775828596,-0.507869399
199612,-7.122611232,1.954907566,4.460414691,8.234061325,6.984275942,-2.463926835,2.675403904,10.11497833,10.21380815,7.480219107,-5.246141121,4.086719377,8.760470922,9.249958163,6.295781531,-0.556386203,7.313946625,7.871477873,9.119384699,14.06924399,6.969497635,8.294232512,10.07911948,11.87033465,10.59058191
199703,-9.662174779,-6.262785341,0.990645887,2.936893077,2.626275187,-14.308033,-4.30536746,-2.099254094,-0.435060726,2.75689049,-13.83124589,-0.753550173,-0.599250981,1.492449019,3.239662673,-8.7742161,0.386024329,1.994319318,-0.507738781,4.781547317,2.686565205,2.210762324,2.153821232,2.50967681,0.968225142
199706,10.60615587,13.42009804,13.08606825,15.08104368,12.88203976,16.10181792,18.22148711,15.85285711,18.59646145,15.60589306,18.43713798,17.84110248,16.14024545,16.17691274,16.27334945,14.21228781,15.07138408,12.68480315,14.10287825,14.41332839,20.09704166,15.02572752,15.93010512,14.44699081,11.91979963
199709,21.32421039,20.7844047,20.18704119,19.23682834,20.1775605,17.31207745,15.88387907,16.86227076,16.36697202,16.48214437,15.67777369,17.93435603,15.60424128,12.43828925,14.25143909,12.61091533,12.27156599,13.71981052,12.53903443,10.75379536,5.195102036,9.697071734,10.03545718,7.443950072,12.88694677
199712,-14.3802616,-9.750519574,-6.552760479,-1.188119886,-0.069260842,-9.948517291,-8.634376306,-3.130178442,1.241795594,-1.851375411,-8.527165258,-5.87566655,1.178201006,5.141446096,-0.376676383,-7.543689829,-3.241671129,4.612576393,5.998057342,-2.362387602,4.066476102,2.733839956,3.181719339,5.683629624,4.102050578
199803,11.80111715,11.51014017,10.00945787,9.60486717,11.21504002,14.05769919,13.54255711,9.37684456,9.248067827,10.34089259,13.09335834,10.4373147,10.3189005,8.416485861,18.88458048,11.58105046,13.40104745,9.817477685,8.719982225,16.0451127,16.57543174,11.35655519,11.24932549,15.18283514,18.21132061
199806,-4.640183185,-3.242555959,-1.373955238,-1.075522436,-1.935028894,-7.172154393,-5.52878466,-5.09237247,-1.107972848,-2.081479557,-2.790150055,-8.290560847,-5.623538891,-3.992899072,-2.347780139,-4.450658868,-3.120135647,-2.964606617,-0.945824945,-2.546945541,6.37977331,1.530339806,1.560684362,3.393277344,8.92740736
199809,-28.58287372,-24.41938693,-22.23045879,-21.78844887,-22.05683676,-22.77413316,-19.90295654,-21.69238402,-20.64060933,-19.46734754,-21.21097384,-23.61266351,-17.07614418,-20.02511632,-21.54735102,-20.08228896,-18.47471786,-15.89406145,-12.01237903,-11.65515622,-5.757934342,-12.7688907,-15.64584085,-14.89276874,-10.03143446
199812,18.68052596,13.43121094,12.0720322,10.55865245,11.24288589,23.08439251,18.55391569,10.18536641,12.32539445,13.26460173,27.15875917,21.36051493,12.3246822,10.03191927,12.59365588,28.93453793,16.98034838,13.84713946,11.87437529,9.804868597,26.64932073,20.98163123,15.091634,14.02581547,17.81404437
199903,-3.316019141,-9.437791478,-3.137310584,-5.221046061,-4.920876055,-3.276624053,-8.944932079,-7.797171046,-11.04470234,-12.64455961,-1.037500171,-4.349786248,-5.135283075,-11.52958357,-8.115282291,-0.875119853,-1.948903725,-4.245590187,-7.069594938,-4.814338706,5.920293247,2.628904945,7.249185474,2.729276618,3.495841979
199906,16.92334841,22.81040907,22.16993507,20.97935973,21.04445987,21.6088872,18.1717889,18.06900981,18.36849199,20.25651722,12.28037339,17.31866443,14.83471388,14.04698087,18.27491986,18.82434573,19.32707328,13.76941383,15.40272961,15.61494744,2.366883176,14.22425262,8.052650688,7.835474709,2.890159085
199909,-0.68267064,0.8888726,-2.992833537,-3.004252399,-5.432142665,-5.068000724,-3.361664205,-6.272797167,-7.41829636,-9.239490196,-2.29199814,-6.427170336,-8.701997232,-7.799463597,-4.363718413,-2.514046037,-10.3307263,-5.941355454,-8.39989448,-9.3454961,-4.113010556,-10.14733103,-13.2304066,-15.47341755,-12.55778194
199912,49.28657032,41.75558591,16.36260267,19.39113721,11.82856961,35.06566845,20.92791733,9.480283644,5.466130075,4.232694064,33.17194582,17.72898094,-2.415536446,1.900952359,4.909522011,46.43017504,3.324162854,2.092037188,9.868313331,13.06544896,20.67326339,11.55677541,4.586347126,-2.963296038,7.555783411
200003,32.33891762,19.10096641,16.71022306,21.4275739,16.94712211,11.21477611,9.913974023,2.444912568,8.316737624,9.251346043,2.344764356,9.005136393,10.55628597,2.122869261,3.99039858,17.32282811,9.834399825,8.977482847,7.784625953,-4.626545548,4.249249075,2.11525444,-6.756096996,-3.282594115,4.363036868
200006,-14.60599827,-5.617679221,0.917238419,-3.546525781,-6.827754581,-9.623470171,-4.266669252,-6.35332913,-5.617921821,5.552339037,-1.212621813,-1.716910932,-3.600127226,2.886103256,4.339250698,-5.267891711,1.633122816,-1.705669116,-3.328465859,-2.336253188,-2.68862766,-7.307475237,-0.337399272,-5.642421337,-6.219308176
200009,-10.52842347,6.269845791,0.742409311,6.718624004,5.647674154,-4.911425729,-0.371905143,7.033173143,5.815760081,6.878294113,-12.57540748,5.740260758,10.97571697,13.850614,15.3507477,-4.383525362,4.893796276,7.646344177,14.1159318,3.449772389,-2.072680423,4.655975753,21.56593925,17.81534077,9.782156849
200012,-37.11469523,-20.47159569,-8.865579666,-6.624412108,-6.001226675,-25.75897532,0.260064427,7.999005412,5.784114554,5.905140643,-26.3042989,3.922786159,3.347625311,14.8898915,15.11063531,-19.58960261,11.11014747,14.18494036,11.82725285,19.57224997,-13.69120515,3.880294426,-2.101581965,9.719695849,-4.673214402
200103,-3.80705273,5.221494801,10.63963845,12.21501306,10.77237972,-6.4518165,4.977033067,0.313204554,2.125272205,6.819144412,-17.61088982,-5.55781372,-4.052441761,-4.11136433,4.709045536,-19.21325031,-4.461359197,-2.252844601,-2.709203083,2.36504186,-16.85626688,-2.409376382,2.682011717,0.479192435,2.964828695
200106,25.97117729,22.58115037,17.51556947,20.49842001,16.33167032,21.43387323,19.60917994,17.18176683,16.44109287,14.58556167,22.57221082,8.0737929,10.48936801,5.742245058,8.688828136,24.41423314,10.62715768,6.610870051,5.517459109,16.51022187,6.7201608,2.55104777,6.5860142,1.313409654,14.05732624
200109,-30.10470229,-25.76133265,-15.21413372,-10.30744763,-14.97960276,-34.35515986,-25.19492738,-19.87032822,-19.19788141,-20.51397471,-28.97520589,-19.50749652,-17.35094747,-13.83358391,-18.70766083,-26.53689716,-17.66323429,-11.67555258,-13.5483735,-26.67225751,-15.55276252,-12.95770197,-11.95790272,-20.36621555,-5.733658399
200112,31.46392897,26.96645,18.25715029,17.0868069,19.97682078,33.86096146,24.70908253,18.91299415,21.92871664,24.91955353,31.11099976,20.38816773,19.41185305,19.537637,33.01708661,24.44074828,18.29766142,13.83071968,20.68100908,17.43080246,11.67375807,8.457013501,7.092350662,11.02591956,-0.638792383
200203,-12.58451502,0.378558264,6.586484153,10.07818046,11.56330051,-8.298800731,0.17424773,7.541395479,10.31378527,13.60813296,-4.15302645,4.465801726,5.684082883,9.45775626,18.03512004,-1.473069889,8.076200899,9.061274939,5.287865835,6.947324568,-0.478187458,4.032675257,2.585694741,3.932870614,-13.72962174
200206,-23.68346731,-10.96755834,-0.848176402,4.916518728,4.590952399,-19.08362935,-10.24357072,-2.203001933,-0.324630434,-5.316424506,-17.12269745,-9.164402093,-7.649701688,-5.620440131,-10.83318236,-15.43315442,-6.680209211,-7.729217271,-7.90647625,-9.478591924,-16.0807177,-8.101183354,-4.93909893,-10.04910461,-32.60446518
200209,-27.60975019,-23.66573989,-23.19019956,-17.64446541,-19.88042341,-22.79181315,-21.69381901,-19.43743843,-21.93243448,-26.12769959,-15.50547328,-17.84993931,-17.65275354,-17.84145276,-21.32090873,-19.2072227,-16.65129063,-20.79599699,-21.18809261,-32.97295121,-15.4207279,-20.31049587,-14.08950635,-14.32599916,-15.74600156
200212,12.17952092,11.0006758,7.961759731,7.549880706,8.148723526,11.58734441,5.848484549,6.849993249,4.792678621,0.109431943,8.225544563,6.232287517,9.517601947,5.005249976,3.805871368,8.671712994,7.813048219,9.000036964,8.155113599,17.04553534,7.510000979,10.70364852,5.008066173,8.728065268,7.400643964
200303,-5.004384113,-1.791333589,-3.380970522,-0.242414023,-2.278332331,-3.669515183,-4.384141046,-4.393844474,-3.035523811,-10.50785145,-2.726193703,-3.994917783,-5.433188456,-7.997017717,-5.896090702,-3.13152337,-5.369064748,-1.18832631,-2.828632878,-16.63274884,-1.41113585,-6.373356517,-3.41299803,-9.618812581,-12.84913203
200306,44.31239445,33.06692387,26.61972403,22.40464779,29.11001188,26.86152623,21.4434782,22.60888082,22.97043914,25.03709658,21.43848639,20.00986797,19.89552471,24.77990443,24.44821558,21.65093422,18.92284752,20.2976658,17.24460505,28.49868646,12.84760562,19.22298953,18.37866706,16.80849305,25.64798819
200309,17.69979841,13.35022565,13.05196122,16.88008639,20.70251535,10.16420755,6.577659884,9.025320508,6.993153055,13.06401878,9.842105655,5.917556651,3.960096975,11.10129406,10.3935326,7.149076273,5.587776112,6.31476871,10.15306174,11.20662152,2.528330338,3.368750385,1.271914731,-2.760783803,3.110413016
200312,9.08414611,15.67629341,16.11876131,16.59284928,24.23899229,13.81543638,14.27662663,12.65044928,17.6369971,19.13528759,12.64960627,12.41723842,13.03826055,18.45792846,25.0680878,10.09841896,15.50363945,15.48589824,18.8878044,15.52352404,9.726850283,13.48005149,14.74752046,14.10876595,16.7119546
200403,4.854159377,5.922728321,4.677263364,7.928498484,7.444441073,6.981893841,7.704235295,3.38730241,5.363705607,9.250721014,4.917594049,5.346758912,5.842915767,5.632492837,7.830159387,4.522970624,2.775150465,8.025843961,5.124470098,4.319574945,0.163497723,2.864351402,2.514002894,3.529216368,6.779534623
200406,-4.979992101,-1.278790888,0.932638776,-1.42146416,-1.938171954,0.682779695,1.683695701,5.024885654,2.015852774,2.947546532,1.803564598,3.906039739,0.752667459,-2.150709393,-0.258501281,1.069143045,-0.05208079,1.013430091,1.758281018,4.506337249,3.12649882,-0.6438339,-2.464217742,1.36347342,2.184087354
200409,-10.09635652,-4.485303084,-2.666825102,-3.079149208,-2.545755815,-5.798105847,-4.594070634,-0.917523006,-0.306121355,0.503566994,-7.390101726,-2.99366009,1.054243162,0.851826001,-3.565832828,-4.880063228,-3.265808203,0.842306941,-2.244899776,1.600215757,-5.221432356,1.661864529,2.03620806,0.293265545,2.888734252
200412,18.00376636,15.69113074,16.10820831,11.4550829,17.17807393,15.25742389,16.70525695,13.66388202,12.00581282,18.57817779,13.90396434,15.52295363,11.07068269,10.19997968,15.81370681,14.2110233,14.69271421,13.42601762,14.43732196,12.30613323,8.528829286,7.997122784,10.81678463,9.548797869,11.12542615
200503,-12.5991488,-7.175393309,-7.687483597,-4.03926053,-0.806130759,-7.444476203,-3.850227285,-4.208208595,0.761738566,-0.548166493,-4.553967942,-3.541657668,-2.092226733,-1.388649233,-1.301771088,-3.058510989,-1.783541784,1.107334944,-0.884343914,1.069776875,-3.617520715,-0.735961454,0.26089922,-2.163580175,4.011438507
200506,4.647006656,2.541036094,3.827042975,0.833538393,3.823758075,3.250990089,5.758726083,4.432553128,3.819758668,4.841802708,2.78026189,4.438269377,2.475565446,3.085497688,6.423170352,3.31800446,2.855020604,4.860837117,8.308921934,4.868637843,1.075410324,1.586933831,0.561956165,2.611455956,3.722164521
200509,6.531754752,9.178871187,5.65475797,7.285166371,4.996217983,4.256405976,7.076640893,7.006489784,4.732205453,5.168742067,1.128955535,8.087176005,7.046043246,2.683760632,4.738869825,4.686080353,4.066324196,6.86954755,12.19453733,5.377790772,2.871680308,3.176639399,1.754246372,6.150165198,6.208698069
200512,0.2570767,1.800521145,1.53578056,2.123702484,1.885458393,1.84171511,1.834552786,1.067553601,1.274033099,-0.107700851,4.222741567,2.624446094,3.438797471,1.015540148,-0.818449545,4.727903612,2.664121185,2.757450569,0.151068352,1.774114833,2.287225916,1.071931198,3.192097405,2.761046468,0.48069213
200603,15.61908624,16.41699886,13.03971978,13.33204845,15.79971292,10.25567943,14.17802966,15.99702622,16.22021164,10.17964882,11.57523739,10.4287656,11.86161907,6.560500343,6.301779925,9.712662594,6.963021919,7.512572837,3.575357246,8.765640477,1.892340172,4.975532265,4.033580966,6.717075898,4.075579989
200606,-11.16892913,-8.60803321,-4.798454793,-4.125987727,-2.563642154,-6.794652491,-3.930891822,-0.866564995,-5.910453587,-0.776425561,-8.090328787,-5.874807261,-2.246813967,-3.323513864,1.031836329,-5.682331765,-4.290900569,-2.568995847,1.360591264,-0.276897369,-3.298060058,-1.321757559,0.619931022,2.005782716,3.244679836
200609,-2.837492855,-0.812309313,-0.60847971,1.091926851,2.201292793,-1.193477896,-0.807073992,1.293128289,3.346058406,-0.717162181,-1.810243616,-0.677216667,-1.038716591,2.02216217,1.780069974,-1.543839135,3.034381772,-1.076472825,1.130758735,2.206712901,5.836971228,6.495610092,5.964094976,4.271726077,8.753528009
200612,8.604047809,10.73611991,9.671270493,9.187488844,12.16069458,5.661435029,7.612716848,9.120451492,8.599521223,9.469975127,8.51587626,8.042906112,9.794660923,8.8582579,10.1638713,7.152376529,9.45481057,6.774112747,7.232450915,10.76882996,4.151768994,5.90233203,10.14979536,8.594329135,8.573037387
200703,1.182675458,-0.513737067,0.104470553,0.796595169,4.037813136,2.28598682,2.701545351,1.514727499,0.409234751,1.97505865,7.004757164,5.754459702,5.167694819,5.515337317,2.773889882,4.937155745,4.924408429,3.716724926,2.604707807,6.234099524,0.249448553,0.70636815,0.435844448,0.049703689,1.439416892
200706,5.878017598,3.312512194,2.317608419,2.255153024,5.093262804,4.613449449,4.956231908,4.299364298,0.334871027,3.70661086,9.590034696,9.402183865,8.946861825,5.932485783,3.567089879,8.425577404,4.974097045,5.720357934,7.774693466,3.373881532,6.221922163,7.810435684,5.825808055,3.200715788,5.492160317
200709,-2.706326631,-3.059029196,-5.069790809,-5.251339582,-11.68909642,0.512370553,-2.626680243,-2.531056875,-2.692568334,-11.32825566,-0.811865842,2.748129299,-2.919125446,-3.97127965,-9.266116954,2.183380343,-1.767092996,-5.987114322,-3.878263589,-7.623598911,5.79669002,4.696886397,-0.3649644,-0.446717464,-1.146514707
200712,-7.524319175,-6.929787658,-9.187114316,-8.39458677,-10.69385215,-2.405264009,-2.54103682,-5.186678386,-4.378750237,-9.871152922,-5.011275033,-5.140657488,-2.724739502,-4.872281338,-2.077221678,-1.807448683,-2.424691655,-8.413301859,-4.687478785,-10.33669319,-0.104855767,-0.57553268,-5.684563852,-5.595669193,-5.948744665
200803,-19.5943193,-13.31798231,-9.934023561,-6.822284283,-8.767144289,-14.78336351,-6.306468648,-6.673270508,-5.016073617,-7.765914414,-12.00261882,-5.760352113,-10.69654951,-5.644892116,-10.02357028,-7.870380094,-10.56509465,-8.973029204,-9.480916485,-9.186663041,-10.60276935,-5.077668736,-12.47752562,-11.68282695,-9.167910821
200806,2.332248635,-1.692612052,-8.390679818,-3.451633797,-7.813594146,1.815178947,0.146005816,6.054012836,-0.366623,-9.458172164,1.890331125,2.805647543,8.474165315,8.622391152,5.280722656,2.754559399,2.348074311,-0.832343229,7.13745105,-8.500158601,-0.498173289,-4.276779473,-1.965833914,-11.1446951,-3.2289787
200809,-7.732785893,-2.524694413,-1.249673323,6.526375678,3.248414386,-3.314532836,-1.568205979,0.730087587,4.225037312,13.00046619,-11.51575081,-8.745962887,-2.381885962,-4.892987178,5.167719954,-12.58505231,-13.16353438,-19.81601271,-8.411474507,-8.487331016,-9.638570525,-9.170507755,-6.712569639,-7.414630462,4.248396358
200812,-31.56099386,-25.5352182,-24.99785264,-23.40772785,-31.58342962,-28.48326254,-27.0686209,-22.68099456,-23.40955271,-29.50653567,-27.52050405,-24.18584633,-21.82145688,-27.47966845,-18.16400649,-24.11031722,-22.65483491,-30.31157188,-27.49787646,-30.26563024,-18.34826118,-18.58182071,-18.57177531,-38.36061617,-28.59830322
200903,-8.415435141,-7.934526782,-12.60802863,-21.19136424,-20.48274067,-9.187448347,-4.463771098,-12.72059159,-19.97845786,-28.15752752,-4.233548704,-11.00170652,-9.112688044,-11.3939988,-18.06331276,-3.412972009,-6.405064358,-10.38046884,-13.17862348,-22.23869557,-3.643761542,-11.28763617,-13.93469418,-27.04863984,-13.9700095
200906,36.18624148,28.63872676,26.55400253,24.29623851,25.69952542,28.4806039,24.00511762,19.48542324,11.72140586,25.45733436,20.74559962,21.68705853,15.1571742,18.25762582,14.75413056,17.61388591,17.92023759,20.86321578,23.37952711,21.33187526,14.30584888,11.03947046,16.07220512,22.23971568,30.51143315
200909,17.67285732,16.27114887,18.8013614,20.34787432,36.67022052,14.81238067,14.07020921,24.36838386,23.00314864,32.30808256,15.12350934,15.12992853,21.79304974,26.66374493,38.63834474,17.36833662,18.0391675,19.92364652,26.61226439,39.05002644,10.93292858,16.4749693,15.33001408,21.23697257,25.92870914
200912,-5.092268535,-0.248548535,3.881609233,0.897078319,1.92288385,3.341391879,5.191113138,4.01422401,0.311537845,3.950395915,4.857657076,6.765079056,2.624308843,8.251421136,5.098493272,5.6014722,6.112036105,7.922481049,2.200238623,4.06686009,8.301316656,7.07871301,3.684755528,2.794224328,-6.608228744
201003,6.811233614,5.106015373,8.89546198,8.283600166,16.19951588,5.540579764,8.164550205,9.762459229,10.58248841,12.92284425,9.759103284,7.343041644,9.228027513,10.73930486,13.80330947,9.182047616,9.524811689,7.504031161,7.723483494,16.75042573,3.311130262,4.843672215,7.931133878,5.792038176,13.15125316
201006,-8.070149417,-6.009387685,-8.414523657,-7.590301175,-11.25697846,-8.001857802,-5.930261769,-10.11401895,-12.89664505,-15.4610415,-8.943209603,-7.040302851,-10.42524932,-11.87299254,-15.3720766,-5.638920936,-10.18104368,-12.73945784,-8.850462106,-12.98013499,-10.76461308,-11.91872699,-10.52883426,-15.59075746,-16.69642204
201009,8.029301296,7.210992525,10.96625348,6.939540324,6.193241571,15.94752144,14.02443653,10.16032061,10.74045644,8.363879366,14.78883917,14.84994553,8.148602185,12.38569136,12.17386498,14.68451614,13.02887405,13.69283103,11.45200172,9.599736139,13.02773053,10.23701657,14.67252818,8.574336739,3.231329631
201012,19.11107585,17.72798915,20.03642906,19.01394449,17.29950862,15.53323181,16.78422273,15.54128083,14.91700074,18.20716106,15.26165806,18.53872362,16.46402865,15.35517114,13.52253667,13.25561388,16.34188686,15.03659259,12.37633421,9.059813634,8.437955576,13.35739294,10.34061653,10.92683766,10.15025835
201103,1.889857161,7.982872376,3.206262261,5.893513853,7.213713273,9.248298146,9.047782434,11.79137087,6.217416864,11.7058385,12.44469468,11.63123889,8.06049313,11.80377222,5.527375595,8.4899938,11.58964886,8.637588909,6.695649649,3.604432128,3.061848906,7.309690099,9.569489538,5.825646097,4.750163723
201106,-2.982394219,-3.924225969,-4.143306818,-4.629521321,-4.903599726,1.161233835,-1.109053645,0.300761534,-2.190103191,-4.71900687,1.591283649,0.546447924,-0.168974819,-2.338476036,-2.162577479,2.116855275,-0.94315119,-2.573449002,-0.455115347,-0.534673169,2.42151143,0.154880369,-0.307449291,-3.035695108,-5.020915829
201109,-26.24611158,-25.59763482,-21.11693035,-21.1609363,-20.28704518,-21.71722378,-22.59250544,-25.06690788,-20.27117578,-25.10641491,-20.96378656,-23.09723201,-21.96561118,-23.05412498,-22.35715436,-19.9477613,-20.61860954,-23.25348755,-18.99326171,-18.88001293,-9.584947773,-11.0417204,-14.79243486,-13.08936565,-27.94623257
201112,9.493552575,16.30608439,12.07947136,15.83005583,11.28213181,16.72336752,13.02163255,17.74763226,17.75154043,16.61922816,10.13642631,18.14816994,16.60989896,17.46555648,15.70459215,11.47620854,15.58159089,16.43753778,17.7432642,10.12321968,8.122047224,12.84752977,15.94285218,12.6828554,9.287260278
201203,16.91672546,12.20619286,12.60780584,12.17873533,15.8599136,14.475881,11.79775787,12.19685456,12.43713146,13.13860945,14.30124809,10.56438325,13.54361949,12.67024049,6.003747749,19.9750569,12.3581978,7.97474791,9.282745687,12.45953941,17.58372837,7.827066931,6.589693299,10.78085457,25.81717304
201206,-5.766638384,-0.542686667,-3.978739742,-4.489449927,0.058239457,0.195003432,-4.083700141,-5.279211191,-4.903750216,-4.268381409,-4.014061984,-5.165209627,-6.611677442,-4.194820131,-3.248757852,-7.368971957,-6.736293729,-6.571635052,-3.328900364,-5.630049565,-4.082812209,-1.832449919,-0.801702408,1.813049286,-11.17452906
201209,4.861682061,6.999443426,5.673101719,5.707751798,5.453513442,2.665663174,5.718421435,6.021038498,5.898374918,6.600854124,5.884371212,4.39973472,6.06802797,7.681768114,2.220558132,3.605336659,6.609098313,4.770230091,5.806129537,8.203750875,5.551610338,7.100357449,6.631346072,4.956274514,10.81999402
201212,-5.873904729,0.979130118,0.828058812,0.297407586,4.398662631,-2.982917003,1.125679855,3.099066673,2.212298335,6.5510589,0.476106571,7.801747485,4.364172636,4.894558992,5.703400621,3.831067207,5.476624871,3.268753868,4.922171804,5.217090147,-3.512210394,-0.908209385,-0.410068796,-0.935640916,10.19117855
201303,13.31536938,11.12147725,10.69304636,11.85180746,12.21930577,14.42065465,12.62292603,11.42729688,14.79714836,9.724482674,9.846526059,12.45238648,13.83983175,12.24134708,16.57410998,12.39426326,12.85976915,15.66405008,14.4397446,19.03612771,8.465487428,10.49665515,12.2759567,14.75712728,10.22014164
201306,6.824868797,3.028400714,4.283406522,7.211409535,5.143264659,6.036106138,2.358828486,4.304346581,2.248412175,8.987674276,0.876592345,5.103945857,2.065849387,3.314096408,1.993300503,2.457913102,2.6471713,0.418361043,2.389085999,4.580207958,0.956531311,3.622177619,3.181365325,3.498194827,9.127352327
201309,12.87972381,15.31441947,11.27443611,11.87447029,10.4006805,13.70795848,12.04775759,10.92355792,9.289111798,9.56799672,12.91388133,10.60232615,8.209282543,8.609862204,9.069432443,11.97739542,8.701220388,7.652887726,10.12066529,7.241906861,8.673290298,4.079596196,3.486342435,4.029522237,4.214788295
201312,9.657091044,11.80675413,10.60431011,12.45875333,9.177747102,9.65879844,4.398764783,8.920260864,9.757366772,10.67143507,8.268183898,11.03470772,9.889368392,10.42907008,12.22178176,7.425736919,9.355225153,7.076174811,7.79682057,11.94283891,11.17324448,10.53528999,10.79184238,8.492881761,11.82487953
201403,2.970128869,0.346864745,3.2403093,2.547577684,3.13413753,0.551802371,2.481449018,1.023907554,1.484906988,0.525478692,1.624707431,0.11445203,0.552061878,6.487300285,4.013813466,0.886566673,2.585101416,4.510760504,3.578526337,4.391262917,0.031686892,2.199782564,2.339359117,2.700645623,2.140835562
201406,-5.143267516,2.139909239,-2.100291399,-0.250963125,-0.727556935,0.061287486,3.772050923,3.736358732,2.302450885,4.087962502,1.530872445,3.582256869,5.286383338,2.911944643,3.743456095,4.331768094,4.662481257,6.251794277,6.025160795,4.847754474,5.733607836,2.784886351,6.616119657,6.837438369,2.888444543
201409,-13.20839773,-8.187617383,-10.28049321,-5.504710555,-7.434454545,-4.589192048,-6.608770845,-6.570003808,-7.044049123,-9.225183931,-2.982978304,-7.778026893,-6.251119048,-7.524678564,-6.800615032,0.587545688,-3.31433818,-3.27535561,-3.54137673,-4.121673452,2.694866393,2.851471063,0.539856264,-3.979723039,3.060817866
201412,12.17147371,14.60356247,10.75014347,10.65810317,5.000122021,11.01388851,10.0546458,8.484238438,7.768561811,6.134661006,10.51596209,9.068125795,4.101990019,7.099538907,3.048821488,7.921291445,3.824783339,7.536996409,6.063756195,-3.082776099,4.398146759,5.461644299,4.977761717,0.082675524,5.170476083
201503,-0.3180384,2.034384174,3.89941547,1.848408831,1.385290766,8.282174508,6.747678337,1.947942355,3.298506572,-0.76947481,7.739199696,7.764346889,6.0692191,2.917058953,1.245996971,7.345650296,5.450025814,7.851773893,1.7091401,3.831189068,3.999730806,0.755818672,0.21817453,-2.223512941,-3.510548821
201506,3.352114586,5.459400604,-0.3385198,0.442700418,1.409781412,-0.086351485,4.13748104,-0.546940433,2.016197956,-0.984750474,2.704021403,0.969801019,1.953761677,-1.172953739,0.45699891,-1.172190304,1.872579861,-1.678899498,-2.133411747,1.215915764,1.42181738,-1.7949073,0.356261002,1.466133421,2.506063755
201509,-20.46483713,-17.56205788,-14.56100243,-12.18778563,-12.99409018,-18.42536818,-12.19665491,-9.37733591,-11.12258603,-14.51381354,-11.47112834,-8.85136184,-13.07297416,-11.84942287,-14.98971745,-11.41014677,-8.261627342,-9.802607484,-3.689053095,-12.72593078,-4.216008699,-6.488264686,-7.827862227,-6.608553115,-12.42019404
201512,6.733564774,6.920492098,2.225067574,2.737497307,1.709054109,7.959115878,5.377248407,3.77156097,4.965338375,3.835854901,2.7262585,3.129527346,3.645647781,0.71360932,-0.379921463,5.198208627,4.160724332,2.22457479,-0.173951443,-0.662702242,7.251349855,7.426809704,5.267325336,6.51542766,6.365143272
201603,-11.24067962,-7.202798796,-3.749032344,-0.873281839,-1.143460734,-10.81111187,0.134205803,1.318422083,0.7811874,0.056295465,-7.398236915,2.167365957,2.791500885,3.883863316,5.443986084,-2.136434768,1.595034601,3.237143111,3.116850251,-1.355808266,0.125758328,2.742764417,2.550035626,4.248138679,-11.07787145
201606,-1.553716049,4.684837399,3.298375767,1.067598911,6.071398282,9.600731993,2.620412498,-0.169782932,3.868803626,3.889979418,5.195031455,-0.578353258,1.246083443,3.663641591,3.304030805,4.033189603,1.031617244,6.100380232,3.493432596,2.874920734,0.887264937,1.337165848,7.910661394,3.495909277,1.61044875
201609,19.33738293,13.73586507,15.4817102,12.56140033,11.11711215,14.47088327,11.36860665,9.706622334,7.227700375,12.51147774,5.744065831,7.662713043,10.52748217,8.278147729,9.719795184,6.611729128,4.766800968,5.930086572,1.782623561,11.87551759,4.821269833,3.187246015,3.769380281,0.652800249,10.03312942
201612,-2.110333722,2.746463657,8.261527369,18.6149062,14.53418168,-3.952669843,3.879536725,9.004299946,19.2983526,11.86832481,0.792468865,4.781525556,9.819859249,12.92291837,13.94400023,-0.006104177,5.128955781,7.230154594,7.671929869,17.321879,-0.257073086,3.149746831,4.777520235,13.09023326,19.47714477
201703,6.055012295,0.526533209,4.4838334,-0.22321223,-1.664332786,13.29605546,2.446167712,0.288592751,-1.821383539,0.530003138,8.574303243,3.02485557,2.408083133,0.52792942,-1.263018093,7.861358833,6.522878487,5.057349876,2.698923002,1.995225101,10.25134814,5.931827122,1.39035466,2.746542969,1.02706666
201706,11.15434929,6.522679796,3.312819603,3.273930792,1.431183657,10.11872258,2.703268694,3.810584444,-0.933329068,0.196125858,6.165690069,2.846892381,0.994302246,-0.115459359,-3.742817052,5.390713741,2.444493775,1.963070753,1.836407492,0.233464545,4.192789811,4.500443033,1.632527452,0.923173382,1.432085891
201709,6.472923437,2.341621302,7.62094493,6.532901302,6.754387226,4.312519214,6.990648258,7.769357489,7.397207434,4.836847478,3.850773611,3.402786652,6.857219666,5.749906525,4.573991722,5.412846128,4.789416463,5.759710802,4.571348678,5.539765755,5.742052239,3.654864711,4.528172052,5.062750446,5.758827054
201712,0.135568914,1.569625293,5.253779989,0.56678561,5.129639292,2.263251836,7.392962663,2.255114055,1.721507988,1.589923306,7.481348668,5.18534081,5.038935065,2.542152585,7.772363709,7.643256316,9.830609942,6.791404751,3.487698562,10.10687345,8.537162937,4.938462337,9.113495247,4.94391144,7.980053862
201803,2.882144362,0.441149092,-0.800659717,2.105987781,-1.179583425,1.235701061,0.141499805,0.184433203,0.021803519,-2.358911407,4.39823543,0.608330547,-2.63378135,0.470033281,-1.524857684,1.915509927,0.529006598,1.173359192,-0.506513735,-3.147172373,3.494243616,-3.766936202,-1.46202549,-3.558408031,-1.106945248
201806,17.81084275,16.77605027,8.725261109,8.680446217,9.762732416,11.20867631,11.944123,8.896855128,7.04206978,9.743034861,5.407700771,6.621908889,2.935198446,6.528778299,4.443429085,5.507715374,5.392398626,1.393255202,1.260339937,2.732147053,5.651476625,4.556914772,2.516369215,0.950177337,-3.884370343
201809,-0.383676934,5.672775677,-0.493900834,-1.941332062,0.660530953,6.760627779,7.261392915,4.204000854,-0.447086008,4.528756655,5.741162373,7.235883038,2.21646192,0.150788219,1.732251977,10.26624269,6.653820482,0.021247999,1.811086811,1.791121523,10.31005171,8.591296608,5.542892904,3.038486639,4.576642999
201812,-25.91971228,-26.71917214,-21.84157526,-19.62452787,-22.56498514,-21.666597,-21.24545889,-19.74114877,-21.43705563,-18.9758663,-22.65711414,-19.47100701,-16.07384729,-17.51302108,-22.26012749,-16.73073963,-18.71728004,-15.27086952,-19.42035851,-16.97158322,-16.23359103,-8.225112509,-13.34313102,-11.95801733,-18.74771138
